isTestnet,nativeChainId,chainKey,chainName,environment,chainLayer,chainStack,currency,decimals,cgId,cmcId,eid,endpointV2,endpointV2View,executor,lzExecutor,sendUln302,receiveUln302,blockedMessageLib
false,1,ethereum,ethereum,mainnet,1,0,ETH,18,ethereum,1027,30101,0x1a44076050125825900e736c501f859c50fE728c,0x8FAFC84cAeA1Cef8475cb5CB344658D160c9CE0b,0x173272739Bd7Aa6e4e214714048a9fE699453059,0xbF2E102Fb382d6EC52823C8F81A45e9Caa951320,0xbB2Ea70C9E858123480642Cf96acbcCE1372dCe1,0xc02Ab410f0734EFa3F14628780e6e695156024C2,0x1ccbf0db9c192d969de57e25b3ff09a25bb1d862
false,10,optimism,optimism,mainnet,2,1,ETH,18,ethereum,1027,30111,0x1a44076050125825900e736c501f859c50fE728c,0xECEE8B581960634aF89f467AE624Ff468a9Db14B,0x2D2ea0697bdbede3F01553D2Ae4B8d0c486B666e,0xb02763373589c440Ed6ff32f47cf4b81CA285D01,0x1322871e4ab09Bc7f5717189434f97bBD9546e95,0x3c4962Ff6258dcfCafD23a814237B7d6Eb712063,0x1ccbf0db9c192d969de57e25b3ff09a25bb1d862
false,14,flare,flare,mainnet,1,3,FLR,18,,7950,30295,0x1a44076050125825900e736c501f859c50fE728c,0x4514FC667a944752ee8A29F544c1B20b1A315f25,0xcCE466a522984415bC91338c232d98869193D46e,0xa20DB4Ffe74A31D17fc24BD32a7DD7555441058e,0xe1844c5D63a9543023008D332Bd3d2e6f1FE1043,0x2367325334447C5E1E0f1b3a6fB947b262F58312,0x1ccbf0db9c192d969de57e25b3ff09a25bb1d862
false,25,cronosevm,cronosevm,mainnet,1,0,CRO,18,,3635,30359,0x3A73033C0b1407574C76BdBAc67f126f6b4a9AA9,0xC39161c743D0307EB9BCc9FEF03eeb9Dc4802de7,0x4b80F7d25c451D204b1C93D9bdf2aB3B04f3EA4a,0x2BF2f59d2E318Bb03C8956E7BC4c3E6c28Bd0fC2,0x2367325334447C5E1E0f1b3a6fB947b262F58312,0xc1B621b18187F74c8F6D52a6F709Dd2780C09821,0xf540d892bc671f08e0b1c5b61185c53c2211e8f7
false,30,rootstock,rootstock,mainnet,1,0,RBTC,18,rootstock,,30333,0xcb566e3B6934Fa77258d68ea18E931fa75e1aaAa,0x4514FC667a944752ee8A29F544c1B20b1A315f25,0xa20DB4Ffe74A31D17fc24BD32a7DD7555441058e,0x4b80F7d25c451D204b1C93D9bdf2aB3B04f3EA4a,0xe1844c5D63a9543023008D332Bd3d2e6f1FE1043,0x2367325334447C5E1E0f1b3a6fB947b262F58312,0x19a642a780f4cfc27c12c8ac79e586b5007ba8c5
false,37,xpla,xpla,mainnet,1,0,XPLA,18,,22359,30216,0x1a44076050125825900e736c501f859c50fE728c,0x5EB6b3Db915d29fc624b8a0e42AC029e36a1D86B,0x148f693af10ddfaE81cDdb36F4c93B31A90076e1,0x8DD9197E51dC6082853aD71D35912C53339777A7,0xF622DFb40bf7340DBCf1e5147D6CFD95d7c5cF1F,0x6167caAb5c3DA63311186db4D4E2596B20f557ec,0x1ccbf0db9c192d969de57e25b3ff09a25bb1d862
false,40,telos,telos,mainnet,1,0,TLOS,18,telos,4660,30199,0x1a44076050125825900e736c501f859c50fE728c,0xF08f13c080fcc530B1C21DE827C27B7b66874DDc,0x1785c94d31E3E3Ab1079e7ca8a9fbDf33EEf9dd5,0x53490de975969B34E537E541E19F26b15e368895,0x0BcAC336466ef7F1e0b5c184aAB2867C108331aF,0x8F76bAcC52b5730c1f1A2413B8936D4df12aF4f6,0x1ccbf0db9c192d969de57e25b3ff09a25bb1d862
false,50,xdc,xdc,mainnet,1,0,XDC,18,,2634,30365,0xcb566e3B6934Fa77258d68ea18E931fa75e1aaAa,0x4514FC667a944752ee8A29F544c1B20b1A315f25,0xa20DB4Ffe74A31D17fc24BD32a7DD7555441058e,0x4b80F7d25c451D204b1C93D9bdf2aB3B04f3EA4a,0xe1844c5D63a9543023008D332Bd3d2e6f1FE1043,0x2367325334447C5E1E0f1b3a6fB947b262F58312,0x26463a4af811c256f669524ec2dc1ba7e7a83c37
false,56,bsc,bsc,mainnet,1,0,BNB,18,binancecoin,1839,30102,0x1a44076050125825900e736c501f859c50fE728c,0x40B36b785A6872b40Cd6957Ce211E515E1be1081,0x3ebD570ed38B1b3b4BC886999fcF507e9D584859,0x821A99C061C00f6C9da0302AAec348945Ba40284,0x9F8C645f2D0b2159767Bd6E0839DE4BE49e823DE,0xB217266c3A98C8B2709Ee26836C98cf12f6cCEC1,0x1ccbf0db9c192d969de57e25b3ff09a25bb1d862
false,66,okx,okx,mainnet,1,0,OKT,18,,8267,30155,0x1a44076050125825900e736c501f859c50fE728c,0xCd3207826Cf70d48B74140aBDfB4bF5598B2CceD,0x1658766898B42547297A429a51FDea03BC4a863F,0x89D3F96Cf0E2aE22Cc88f8caCA1ee7bB622b5E68,0x7807888fAC5c6f23F6EeFef0E6987DF5449C1BEb,0x51Ae634318E7191C7ffc5778E2D9f860e1e60361,0x1ccbf0db9c192d969de57e25b3ff09a25bb1d862
false,81,joc,joc,mainnet,1,0,JOC,18,japan-open-chain,,30285,0x1a44076050125825900e736c501f859c50fE728c,0x4514FC667a944752ee8A29F544c1B20b1A315f25,0xcCE466a522984415bC91338c232d98869193D46e,0xa20DB4Ffe74A31D17fc24BD32a7DD7555441058e,0xe1844c5D63a9543023008D332Bd3d2e6f1FE1043,0x2367325334447C5E1E0f1b3a6fB947b262F58312,0x1ccbf0db9c192d969de57e25b3ff09a25bb1d862
false,82,meter,meter,mainnet,1,0,MTR,18,meter-stable,6627,30176,0xef02BacD67C0AB45510927749009F6B9ffCE0631,0xCADf62C0E78C82C97bDB17c68777B3Ce2482E40e,0x27b7Bf5f95c2DD6Bc07Ce4ed8598b20Fb73fF5c1,0x8856eE4f4e352487a099BA83A148F0E82bc54229,0xD721315eB3d2e7e8cFDfC7d82C02a1DCe144f8E4,0xffA387da7E7c2d444A78cd9ebcfA89AfBF980d71,0x5250cd435254987de4cb824ec7363507461efd84
false,88,tomo,tomo,mainnet,1,0,TOMO,18,tomochain,2570,30196,0x1a44076050125825900e736c501f859c50fE728c,0xCFf08a35A5f27F306e2DA99ff198dB90f13DEF77,0x2d24207F9C1F77B2E08F2C3aD430da18e355CF66,0xA09dB5142654e3eB5Cf547D66833FAe7097B21C3,0x6f1686189f32e78f1D83e7c6Ed433FCeBc3A5B51,0x7004396C99D5690da76A7C59057C5f3A53e01704,0x1ccbf0db9c192d969de57e25b3ff09a25bb1d862
false,100,gnosis,gnosis,mainnet,1,0,DAI,18,dai,4943,30145,0x1a44076050125825900e736c501f859c50fE728c,0xe70cA542A9f2D932aD34efE3a681D83828452666,0x38340337f9ADF5D76029Ab3A667d34E5a032F7BA,0x2F0788fFbf8fCa58B2ea10c05F0CA9931ffC8978,0x3C156b1f625D2B4E004D43E91aC2c3a719C29c7B,0x9714Ccf1dedeF14BaB5013625DB92746C1358cb4,0x1ccbf0db9c192d969de57e25b3ff09a25bb1d862
false,122,fuse,fuse,mainnet,2,0,FUSE,18,fuse-network-token,5634,30138,0x1a44076050125825900e736c501f859c50fE728c,0x28A5536cA9F36c45A9d2AC8d2B62Fc46Fde024B6,0xc905E74BEb8229E258c3C6E5bC0D6Cc54C534688,0x07245eEa05826F5984c7c3C8F478b04892e4df89,0x2762409Baa1804D94D8c0bCFF8400B78Bf915D5B,0xB12514e226E50844E4655696c92c0c36B8A53141,0x1ccbf0db9c192d969de57e25b3ff09a25bb1d862
false,130,unichain,unichain,mainnet,2,1,ETH,18,ethereum,1027,30320,0x6F475642a6e85809B1c36Fa62763669b1b48DD5B,0xAaB5A48CFC03Efa9cC34A2C1aAcCCB84b4b770e4,0x4208D6E27538189bB48E603D6123A94b8Abe0A0b,0x41Bdb4aa4A63a5b2Efc531858d3118392B1A1C3d,0xC39161c743D0307EB9BCc9FEF03eeb9Dc4802de7,0xe1844c5D63a9543023008D332Bd3d2e6f1FE1043,0xc1ce56b2099ca68720592583c7984cab4b6d7e7a
false,137,polygon,polygon,mainnet,2,0,MATIC,18,polygon-ecosystem-token,28321,30109,0x1a44076050125825900e736c501f859c50fE728c,0x1Bef2d7C5c60fD826Cc1b1f29cA357Af2d0Ae2c6,0xCd3F213AD101472e1713C72B1697E727C803885b,0xe25741bda30bb79a66ADf656E7f2D3f0C4fb3191,0x6c26c61a97006888ea9E4FA36584c7df57Cd9dA3,0x1322871e4ab09Bc7f5717189434f97bBD9546e95,0x1ccbf0db9c192d969de57e25b3ff09a25bb1d862
false,146,sonic,sonic,mainnet,1,0,S,18,sonic-3,32684,30332,0x6F475642a6e85809B1c36Fa62763669b1b48DD5B,0xAaB5A48CFC03Efa9cC34A2C1aAcCCB84b4b770e4,0x4208D6E27538189bB48E603D6123A94b8Abe0A0b,0x41Bdb4aa4A63a5b2Efc531858d3118392B1A1C3d,0xC39161c743D0307EB9BCc9FEF03eeb9Dc4802de7,0xe1844c5D63a9543023008D332Bd3d2e6f1FE1043,0xc1ce56b2099ca68720592583c7984cab4b6d7e7a
false,148,shimmer,shimmer,mainnet,2,0,SMR,18,shimmer,,30230,0x148f693af10ddfaE81cDdb36F4c93B31A90076e1,0x763BfcE1Ed335885D0EeC1F182fE6E6B85BAbC92,0x868a44F9d9F09331da425539a174a2128b85D672,0xFD5f54062D0caFda9144A7721d9971710B3D0C5e,0xD4a903930f2c9085586cda0b11D9681EECb20D2f,0xb21f945e8917c6Cd69FcFE66ac6703B90f7fe004,0x3091ca3aee13e16c051b03b282163e565296464c
false,169,manta,manta,mainnet,2,1,ETH,18,ethereum,1027,30217,0x1a44076050125825900e736c501f859c50fE728c,0xF622DFb40bf7340DBCf1e5147D6CFD95d7c5cF1F,0x8DD9197E51dC6082853aD71D35912C53339777A7,0xe767e048221197A2b590CeB5C63C3AAD8ebf87eA,0xD1654C656455E40E2905E96b6B91088AC2B362a2,0xC1EC25A9e8a8DE5Aa346f635B33e5B74c4c081aF,0x1ccbf0db9c192d969de57e25b3ff09a25bb1d862
false,196,xlayer,xlayer,mainnet,1,0,OKB,18,okb,3897,30274,0x1a44076050125825900e736c501f859c50fE728c,0x4514FC667a944752ee8A29F544c1B20b1A315f25,0xcCE466a522984415bC91338c232d98869193D46e,0xa20DB4Ffe74A31D17fc24BD32a7DD7555441058e,0xe1844c5D63a9543023008D332Bd3d2e6f1FE1043,0x2367325334447C5E1E0f1b3a6fB947b262F58312,0x1ccbf0db9c192d969de57e25b3ff09a25bb1d862
false,204,opbnb,opbnb,mainnet,2,1,BNB,18,binancecoin,1839,30202,0x1a44076050125825900e736c501f859c50fE728c,0xbBDd27544348636a3FeBe51Df7531Cc1726f3c8B,0xACbD57daAafb7D9798992A7b0382fc67d3E316f3,0x2F64656569c098fdfb0bD0ab2f3616005E295810,0x44289609cc6781fa2C665796b6c5AAbf9FFceDC5,0x9c9e25F9fC4e8134313C2a9f5c719f5c9F4fbD95,0x1ccbf0db9c192d969de57e25b3ff09a25bb1d862
false,232,lens,lens,mainnet,2,0,GHO,18,gho,23508,30373,0x5c6cfF4b7C49805F8295Ff73C204ac83f3bC4AE7,0x52fFEeaE5Ffa89D4b31c72F87ead3699FCB79e40,0x553313dB58dEeFa3D55B1457D27EAB3Fe5EC87E8,0xcaeB82549Ff641C4aF73505a137B5BeD06FEaf64,0x01047601DB5E63b1574aae317BAd9C684E3C9056,0x9AB633555E460C01f8c7b8ab24C88dD4986dD5A1,0x3258287147fb7887d8a643006e26e19368057377
false,239,tac,tac,mainnet,1,0,TAC,18,,37338,30377,0x6F475642a6e85809B1c36Fa62763669b1b48DD5B,0xAaB5A48CFC03Efa9cC34A2C1aAcCCB84b4b770e4,0x4208D6E27538189bB48E603D6123A94b8Abe0A0b,0x41Bdb4aa4A63a5b2Efc531858d3118392B1A1C3d,0xC39161c743D0307EB9BCc9FEF03eeb9Dc4802de7,0xe1844c5D63a9543023008D332Bd3d2e6f1FE1043,0xc1ce56b2099ca68720592583c7984cab4b6d7e7a
false,250,fantom,fantom,mainnet,1,0,FTM,18,fantom,32684,30112,0x1a44076050125825900e736c501f859c50fE728c,0x2D45675B4075563d6f4dDf0181Aa8B38Bf1B0E91,0x2957eBc0D2931270d4a539696514b047756b3056,0x83e72DA23b533b2083eD007223a491ba7EC3CcBe,0xC17BaBeF02a937093363220b0FB57De04A535D5E,0xe1Dd69A2D08dF4eA6a30a91cC061ac70F98aAbe3,0x1ccbf0db9c192d969de57e25b3ff09a25bb1d862
false,252,fraxtal,fraxtal,mainnet,2,1,FRAX,18,frax-share,6953,30255,0x1a44076050125825900e736c501f859c50fE728c,0x2367325334447C5E1E0f1b3a6fB947b262F58312,0x41Bdb4aa4A63a5b2Efc531858d3118392B1A1C3d,0x306B9a8953B9462F8b826e6768a93C8EA7454965,0x377530cdA84DFb2673bF4d145DCF0C4D7fdcB5b6,0x8bC1e36F015b9902B54b1387A4d733cebc2f5A4e,0x1ccbf0db9c192d969de57e25b3ff09a25bb1d862
false,291,orderly,orderly,mainnet,2,1,ETH,18,ethereum,1027,30213,0x1a44076050125825900e736c501f859c50fE728c,0xeDf930Cd8095548f97b21ec4E2dE5455a7382f04,0x1aCe9DD1BC743aD036eF2D92Af42Ca70A1159df5,0xe9AE261D3aFf7d3fCCF38Fa2d612DD3897e07B2d,0x5B23E2bAe5C5f00e804EA2C4C9abe601604378fa,0xCFf08a35A5f27F306e2DA99ff198dB90f13DEF77,0x1ccbf0db9c192d969de57e25b3ff09a25bb1d862
false,295,hedera,hedera,mainnet,1,0,HBAR,8,hedera-hashgraph,4642,30316,0x3A73033C0b1407574C76BdBAc67f126f6b4a9AA9,0xC39161c743D0307EB9BCc9FEF03eeb9Dc4802de7,0xa20DB4Ffe74A31D17fc24BD32a7DD7555441058e,0x4b80F7d25c451D204b1C93D9bdf2aB3B04f3EA4a,0x2367325334447C5E1E0f1b3a6fB947b262F58312,0xc1B621b18187F74c8F6D52a6F709Dd2780C09821,0xf540d892bc671f08e0b1c5b61185c53c2211e8f7
false,324,zksync,zksync,mainnet,2,0,ETH,18,ethereum,1027,30165,0xd07C30aF3Ff30D96BDc9c6044958230Eb797DDBF,0x15a95848317CAAf5b83BfA1603497CdC20Fb84C1,0x664e390e672A811c12091db8426cBb7d68D5D8A6,0x2Ce5f0d1Bfcb5b86ff94C2C580Ab65459e004D43,0x07fD0e370B49919cA8dA0CE842B8177263c0E12c,0x04830f6deCF08Dec9eD6C3fCAD215245B78A59e1,0x0fddfc529b5912e1cbe38ccedf8e226566e596d3
false,388,cronoszkevm,cronoszkevm,mainnet,2,0,zkCRO,18,,3635,30360,0x5c6cfF4b7C49805F8295Ff73C204ac83f3bC4AE7,0x52fFEeaE5Ffa89D4b31c72F87ead3699FCB79e40,0x553313dB58dEeFa3D55B1457D27EAB3Fe5EC87E8,0xcaeB82549Ff641C4aF73505a137B5BeD06FEaf64,0x01047601DB5E63b1574aae317BAd9C684E3C9056,0x9AB633555E460C01f8c7b8ab24C88dD4986dD5A1,0x3258287147fb7887d8a643006e26e19368057377
false,432,converge,converge,mainnet,1,2,ETH,18,ethereum,1027,30400,0x6F475642a6e85809B1c36Fa62763669b1b48DD5B,0xAaB5A48CFC03Efa9cC34A2C1aAcCCB84b4b770e4,0x4208D6E27538189bB48E603D6123A94b8Abe0A0b,0x41Bdb4aa4A63a5b2Efc531858d3118392B1A1C3d,0xC39161c743D0307EB9BCc9FEF03eeb9Dc4802de7,0xe1844c5D63a9543023008D332Bd3d2e6f1FE1043,0xc1ce56b2099ca68720592583c7984cab4b6d7e7a
false,480,worldchain,worldchain,mainnet,2,1,ETH,18,ethereum,1027,30319,0x6F475642a6e85809B1c36Fa62763669b1b48DD5B,0xAaB5A48CFC03Efa9cC34A2C1aAcCCB84b4b770e4,0xcCE466a522984415bC91338c232d98869193D46e,0xa20DB4Ffe74A31D17fc24BD32a7DD7555441058e,0xC39161c743D0307EB9BCc9FEF03eeb9Dc4802de7,0xe1844c5D63a9543023008D332Bd3d2e6f1FE1043,0xc1ce56b2099ca68720592583c7984cab4b6d7e7a
false,484,camp,camp,mainnet,1,0,CAMP,18,,,30381,0x6F475642a6e85809B1c36Fa62763669b1b48DD5B,0xAaB5A48CFC03Efa9cC34A2C1aAcCCB84b4b770e4,0x4208D6E27538189bB48E603D6123A94b8Abe0A0b,0x41Bdb4aa4A63a5b2Efc531858d3118392B1A1C3d,0xC39161c743D0307EB9BCc9FEF03eeb9Dc4802de7,0xe1844c5D63a9543023008D332Bd3d2e6f1FE1043,0xc1ce56b2099ca68720592583c7984cab4b6d7e7a
false,592,astar,astar,mainnet,2,0,ASTR,18,astar,12885,30210,0x1a44076050125825900e736c501f859c50fE728c,0x62b2Ff8D0F725f5529F277F115084EBf9B4A5FAA,0x3C5575898f59c097681d1Fc239c2c6Ad36B7b41c,0x1b8ec4C50b0905334f6F73D1C1a64bA6e15BDaB8,0x30C3074669d866933db74DF1Fbe4b3703e6ec139,0xF08f13c080fcc530B1C21DE827C27B7b66874DDc,0x1ccbf0db9c192d969de57e25b3ff09a25bb1d862
false,747,flow,flow,mainnet,2,0,FLOW,18,,4558,30336,0xcb566e3B6934Fa77258d68ea18E931fa75e1aaAa,0x4514FC667a944752ee8A29F544c1B20b1A315f25,0xa20DB4Ffe74A31D17fc24BD32a7DD7555441058e,0x4b80F7d25c451D204b1C93D9bdf2aB3B04f3EA4a,0xe1844c5D63a9543023008D332Bd3d2e6f1FE1043,0x2367325334447C5E1E0f1b3a6fB947b262F58312,0x26463a4af811c256f669524ec2dc1ba7e7a83c37
false,957,lyra,lyra,mainnet,2,1,ETH,18,ethereum,1027,30311,0xcb566e3B6934Fa77258d68ea18E931fa75e1aaAa,0x4514FC667a944752ee8A29F544c1B20b1A315f25,0x4208D6E27538189bB48E603D6123A94b8Abe0A0b,0x41Bdb4aa4A63a5b2Efc531858d3118392B1A1C3d,0xe1844c5D63a9543023008D332Bd3d2e6f1FE1043,0x2367325334447C5E1E0f1b3a6fB947b262F58312,0x26463a4af811c256f669524ec2dc1ba7e7a83c37
false,964,subtensorevm,subtensorevm,mainnet,1,0,TAO,18,,22974,30374,0x6F475642a6e85809B1c36Fa62763669b1b48DD5B,0xAaB5A48CFC03Efa9cC34A2C1aAcCCB84b4b770e4,0x4208D6E27538189bB48E603D6123A94b8Abe0A0b,0x41Bdb4aa4A63a5b2Efc531858d3118392B1A1C3d,0xC39161c743D0307EB9BCc9FEF03eeb9Dc4802de7,0xe1844c5D63a9543023008D332Bd3d2e6f1FE1043,0xc1ce56b2099ca68720592583c7984cab4b6d7e7a
false,999,hyperliquid,hyperliquid,mainnet,1,0,HYPE,18,,32196,30367,0x3A73033C0b1407574C76BdBAc67f126f6b4a9AA9,0xC39161c743D0307EB9BCc9FEF03eeb9Dc4802de7,0x41Bdb4aa4A63a5b2Efc531858d3118392B1A1C3d,0x306B9a8953B9462F8b826e6768a93C8EA7454965,0xfd76d9CB0Bac839725aB79127E7411fe71b1e3CA,0x7cacBe439EaD55fa1c22790330b12835c6884a91,0xf540d892bc671f08e0b1c5b61185c53c2211e8f7
false,1030,conflux,conflux,mainnet,1,0,CFX,18,conflux-token,7334,30212,0x1a44076050125825900e736c501f859c50fE728c,0x367766BD34572400C7a49B65F56efd5a4707A069,0x07Dd1bf9F684D81f59B6a6760438d383ad755355,0x3E9a1d9aC31B703Ac86874395a2410e123902AE9,0xb360A579Dc6f77d6a3E8710A9d983811129C428d,0x16Cc4EF7c128d7FEa96Cf46FFD9dD20f76170347,0x1ccbf0db9c192d969de57e25b3ff09a25bb1d862
false,1088,metis,metis,mainnet,2,1,METIS,18,metis-token,9640,30151,0x1a44076050125825900e736c501f859c50fE728c,0x810c1d4A310F2d906e47e7D3DF1F1d55B367ed6f,0xE6AB3B3E632f3C65c3cb4c250DcC42f5E915A1cf,0xc1b85974F7c2F0Ccb01d763F4a34BFB41a33D612,0x63e39ccB510926d05a0ae7817c8f1CC61C5BdD6c,0x5539Eb17a84E1D59d37C222Eb2CC4C81b502D1Ac,0x1ccbf0db9c192d969de57e25b3ff09a25bb1d862
false,1101,zkevm,zkpolygon,mainnet,2,0,ETH,18,ethereum,1027,30158,0x1a44076050125825900e736c501f859c50fE728c,0xbe0d08a85EeBFCC6eDA0A843521f7CBB1180D2e2,0xbE4fB271cfB7bcbB47EA9573321c7bfe309fc220,0x7eb3f67C1d501872295bC847a1346cB839D3b00f,0x28B6140ead70cb2Fb669705b3598ffB4BEaA060b,0x581b26F362AD383f7B51eF8A165Efa13DDe398a4,0x1ccbf0db9c192d969de57e25b3ff09a25bb1d862
false,1116,coredao,coredao,mainnet,1,0,CORE,18,coredaoorg,23254,30153,0x1a44076050125825900e736c501f859c50fE728c,0xF08f13c080fcc530B1C21DE827C27B7b66874DDc,0x1785c94d31E3E3Ab1079e7ca8a9fbDf33EEf9dd5,0x53490de975969B34E537E541E19F26b15e368895,0x0BcAC336466ef7F1e0b5c184aAB2867C108331aF,0x8F76bAcC52b5730c1f1A2413B8936D4df12aF4f6,0x1ccbf0db9c192d969de57e25b3ff09a25bb1d862
false,1135,lisk,lisk,mainnet,2,1,ETH,18,ethereum,1027,30321,0x6F475642a6e85809B1c36Fa62763669b1b48DD5B,0xAaB5A48CFC03Efa9cC34A2C1aAcCCB84b4b770e4,0xcCE466a522984415bC91338c232d98869193D46e,0xa20DB4Ffe74A31D17fc24BD32a7DD7555441058e,0xC39161c743D0307EB9BCc9FEF03eeb9Dc4802de7,0xe1844c5D63a9543023008D332Bd3d2e6f1FE1043,0xc1ce56b2099ca68720592583c7984cab4b6d7e7a
false,1284,moonbeam,moonbeam,mainnet,1,0,GLMR,18,moonbeam,6836,30126,0x1a44076050125825900e736c501f859c50fE728c,0x125BD5c6C5066dcb4BB448b6eA8b9234Ed60e160,0xEC0906949f88f72bF9206E84764163e24a56a499,0x05B52859Adb077a7b7D6277a512aEfEFbaDDc9C8,0xeac136456d078bB76f59DCcb2d5E008b31AfE1cF,0x2F4C6eeA955e95e6d65E08620D980C0e0e92211F,0x1ccbf0db9c192d969de57e25b3ff09a25bb1d862
false,1285,moonriver,moonriver,mainnet,1,0,MOVR,18,moonriver,9285,30167,0x1a44076050125825900e736c501f859c50fE728c,0x87794d2f64e076694a153aFdb12cA62eb9C2ea5B,0x1E1E9A04735B9ca509eF8a46255f5104C10C6e99,0xb7e97ad5661134185Fe608b2A31fe8cEf2147Ba9,0x1BAcC2205312534375c8d1801C27D28370656cFf,0xe8BAa65CeD8E46DA43520375Af6fAbC31D7bCb8B,0x1ccbf0db9c192d969de57e25b3ff09a25bb1d862
false,1300,glue,glue,mainnet,2,0,MATIC,18,polygon-ecosystem-token,28321,30342,0xcb566e3B6934Fa77258d68ea18E931fa75e1aaAa,0x4514FC667a944752ee8A29F544c1B20b1A315f25,0xa20DB4Ffe74A31D17fc24BD32a7DD7555441058e,0x4b80F7d25c451D204b1C93D9bdf2aB3B04f3EA4a,0x15e51701F245F6D5bd0FEE87bCAf55B0841451B3,0xfd76d9CB0Bac839725aB79127E7411fe71b1e3CA,0x26463a4af811c256f669524ec2dc1ba7e7a83c37
false,1329,sei,sei,mainnet,1,0,SEI,18,sei-network,23149,30280,0x1a44076050125825900e736c501f859c50fE728c,0xAaB5A48CFC03Efa9cC34A2C1aAcCCB84b4b770e4,0xc097ab8CD7b053326DFe9fB3E3a31a0CCe3B526f,0x4208D6E27538189bB48E603D6123A94b8Abe0A0b,0xC39161c743D0307EB9BCc9FEF03eeb9Dc4802de7,0xe1844c5D63a9543023008D332Bd3d2e6f1FE1043,0x1ccbf0db9c192d969de57e25b3ff09a25bb1d862
false,1480,islander,islander,mainnet,1,0,VANA,18,,34619,30330,0xcb566e3B6934Fa77258d68ea18E931fa75e1aaAa,0x4514FC667a944752ee8A29F544c1B20b1A315f25,0xa20DB4Ffe74A31D17fc24BD32a7DD7555441058e,0x4b80F7d25c451D204b1C93D9bdf2aB3B04f3EA4a,0xe1844c5D63a9543023008D332Bd3d2e6f1FE1043,0x2367325334447C5E1E0f1b3a6fB947b262F58312,0x26463a4af811c256f669524ec2dc1ba7e7a83c37
false,1514,story,story,mainnet,2,0,IP,18,story-2,35626,30364,0x3A73033C0b1407574C76BdBAc67f126f6b4a9AA9,0xC39161c743D0307EB9BCc9FEF03eeb9Dc4802de7,0x41Bdb4aa4A63a5b2Efc531858d3118392B1A1C3d,0x306B9a8953B9462F8b826e6768a93C8EA7454965,0x2367325334447C5E1E0f1b3a6fB947b262F58312,0xc1B621b18187F74c8F6D52a6F709Dd2780C09821,0xf540d892bc671f08e0b1c5b61185c53c2211e8f7
false,1559,tenet,tenet,mainnet,1,0,TENET,18,tenet-1b000f7b-59cb-4e06-89ce-d62b32d362b9,24892,30173,0x1a44076050125825900e736c501f859c50fE728c,0x20E48549D5269e9EA5D7347a915F71AcFE88E52d,0xB12514e226E50844E4655696c92c0c36B8A53141,0x1A40Cd69966222b2FAec9B1b58e215d49d093A08,0x1785c94d31E3E3Ab1079e7ca8a9fbDf33EEf9dd5,0x16909F77E57CDaaB7BE0fbDF12b6A77d99541605,0x1ccbf0db9c192d969de57e25b3ff09a25bb1d862
false,1625,gravity,gravity,mainnet,2,2,G,18,,,30294,0x1a44076050125825900e736c501f859c50fE728c,0x4514FC667a944752ee8A29F544c1B20b1A315f25,0xcCE466a522984415bC91338c232d98869193D46e,0xa20DB4Ffe74A31D17fc24BD32a7DD7555441058e,0xe1844c5D63a9543023008D332Bd3d2e6f1FE1043,0x2367325334447C5E1E0f1b3a6fB947b262F58312,0x1ccbf0db9c192d969de57e25b3ff09a25bb1d862
false,1729,reya,reya,mainnet,2,2,ETH,18,ethereum,1027,30313,0x6F475642a6e85809B1c36Fa62763669b1b48DD5B,0xAaB5A48CFC03Efa9cC34A2C1aAcCCB84b4b770e4,0xcCE466a522984415bC91338c232d98869193D46e,0xa20DB4Ffe74A31D17fc24BD32a7DD7555441058e,0xC39161c743D0307EB9BCc9FEF03eeb9Dc4802de7,0xe1844c5D63a9543023008D332Bd3d2e6f1FE1043,0xc1ce56b2099ca68720592583c7984cab4b6d7e7a
false,1868,soneium,soneium,mainnet,2,1,ETH,18,ethereum,1027,30340,0x4bcb6a963a9563c33569d7a512d35754221f3a19,0x76111DE813F83AAAdBD62773Bf41247634e2319a,0xAE3C661292bb4D0AEEe0588b4404778DF1799EE6,0x7D8A496469dcEDa40832CF4d7663ccFbcC4784E3,0x50351C9dA75CCC6d8Ea2464B26591Bb4bd616dD5,0x364B548d8e6DB7CA84AaAFA54595919eCcF961eA,0xe71ed82cb15850147e9886b770d251bf4c807da4
false,1890,lightlink,lightlink,mainnet,2,0,ETH,18,ethereum,1027,30309,0x6F475642a6e85809B1c36Fa62763669b1b48DD5B,0xAaB5A48CFC03Efa9cC34A2C1aAcCCB84b4b770e4,0xcCE466a522984415bC91338c232d98869193D46e,0xa20DB4Ffe74A31D17fc24BD32a7DD7555441058e,0xC39161c743D0307EB9BCc9FEF03eeb9Dc4802de7,0xe1844c5D63a9543023008D332Bd3d2e6f1FE1043,0xc1ce56b2099ca68720592583c7984cab4b6d7e7a
false,1923,swell,swell,mainnet,2,1,ETH,18,ethereum,1027,30335,0xcb566e3B6934Fa77258d68ea18E931fa75e1aaAa,0x2367325334447C5E1E0f1b3a6fB947b262F58312,0xa20DB4Ffe74A31D17fc24BD32a7DD7555441058e,0x4b80F7d25c451D204b1C93D9bdf2aB3B04f3EA4a,0xc1B621b18187F74c8F6D52a6F709Dd2780C09821,0x377530cdA84DFb2673bF4d145DCF0C4D7fdcB5b6,0x26463a4af811c256f669524ec2dc1ba7e7a83c37
false,1996,sanko,sanko,mainnet,1,2,DMT,18,,25653,30278,0x1a44076050125825900e736c501f859c50fE728c,0xAaB5A48CFC03Efa9cC34A2C1aAcCCB84b4b770e4,0xc097ab8CD7b053326DFe9fB3E3a31a0CCe3B526f,0x4208D6E27538189bB48E603D6123A94b8Abe0A0b,0xC39161c743D0307EB9BCc9FEF03eeb9Dc4802de7,0xe1844c5D63a9543023008D332Bd3d2e6f1FE1043,0x0000000000000000000000000000000000000000
false,2044,shrapnel,shrapnel,mainnet,1,3,SHRAP,18,shrapnel-2,28363,30148,,,,,,,
false,2222,kava,kava,mainnet,1,0,KAVA,18,kava,4846,30177,0x1a44076050125825900e736c501f859c50fE728c,0x1eeF2Bd32b5827813d97Cd25b6C392154044f453,0x41ED8065dd9bC6c0caF21c39766eDCBA0F21851c,0x0a1dF45fCB28616bd2f45512f8Aa6ca958829eF1,0x83Fb937054918cB7AccB15bd6cD9234dF9ebb357,0xb7e97ad5661134185Fe608b2A31fe8cEf2147Ba9,0x1ccbf0db9c192d969de57e25b3ff09a25bb1d862
false,2345,goat,goat,mainnet,1,0,BTC,18,bitcoin,1,30361,0x6F475642a6e85809B1c36Fa62763669b1b48DD5B,0xAaB5A48CFC03Efa9cC34A2C1aAcCCB84b4b770e4,0x4208D6E27538189bB48E603D6123A94b8Abe0A0b,0x41Bdb4aa4A63a5b2Efc531858d3118392B1A1C3d,0xC39161c743D0307EB9BCc9FEF03eeb9Dc4802de7,0xe1844c5D63a9543023008D332Bd3d2e6f1FE1043,0xc1ce56b2099ca68720592583c7984cab4b6d7e7a
false,2355,silicon,silicon,mainnet,1,0,ETH,18,ethereum,1027,30379,0x6F475642a6e85809B1c36Fa62763669b1b48DD5B,0xAaB5A48CFC03Efa9cC34A2C1aAcCCB84b4b770e4,0x4208D6E27538189bB48E603D6123A94b8Abe0A0b,0x41Bdb4aa4A63a5b2Efc531858d3118392B1A1C3d,0xC39161c743D0307EB9BCc9FEF03eeb9Dc4802de7,0xe1844c5D63a9543023008D332Bd3d2e6f1FE1043,0xc1ce56b2099ca68720592583c7984cab4b6d7e7a
false,2525,bb1,bb1,mainnet,1,2,INJ,18,injective-protocol,7226,30234,0x1a44076050125825900e736c501f859c50fE728c,0xe9bA4C1e76D874a43942718Dafc96009ec9D9917,0xB041cd355945627BDb7281f613B6E29623ab0110,0x15feEA944A7F4eE4835c59ABC488C1935f2301b4,0x000CC1A759bC3A15e664Ed5379E321Be5de1c9B6,0xe9AE261D3aFf7d3fCCF38Fa2d612DD3897e07B2d,0x1ccbf0db9c192d969de57e25b3ff09a25bb1d862
false,2741,abstract,abstract,mainnet,2,0,ETH,18,ethereum,1027,30324,0x5c6cfF4b7C49805F8295Ff73C204ac83f3bC4AE7,0x52fFEeaE5Ffa89D4b31c72F87ead3699FCB79e40,0x643E1471f37c4680Df30cF0C540Cd379a0fF58A5,0x068EC1f0bd53cf86923BbB0986046be6af3f5922,0x166CAb679EBDB0853055522D3B523621b94029a1,0x9d799c1935c51CA399e6465Ed9841DEbCcEc413E,0x3258287147fb7887d8a643006e26e19368057377
false,2818,morph,morph,mainnet,2,0,ETH,18,ethereum,1027,30322,0x6F475642a6e85809B1c36Fa62763669b1b48DD5B,0xAaB5A48CFC03Efa9cC34A2C1aAcCCB84b4b770e4,0xcCE466a522984415bC91338c232d98869193D46e,0xa20DB4Ffe74A31D17fc24BD32a7DD7555441058e,0xC39161c743D0307EB9BCc9FEF03eeb9Dc4802de7,0xe1844c5D63a9543023008D332Bd3d2e6f1FE1043,0xc1ce56b2099ca68720592583c7984cab4b6d7e7a
false,3338,peaq,peaq,mainnet,1,0,PEAQ,18,peaq-2,14588,30302,0x6F475642a6e85809B1c36Fa62763669b1b48DD5B,0xAaB5A48CFC03Efa9cC34A2C1aAcCCB84b4b770e4,0xcCE466a522984415bC91338c232d98869193D46e,0xa20DB4Ffe74A31D17fc24BD32a7DD7555441058e,0xC39161c743D0307EB9BCc9FEF03eeb9Dc4802de7,0xe1844c5D63a9543023008D332Bd3d2e6f1FE1043,0xc1ce56b2099ca68720592583c7984cab4b6d7e7a
false,3637,botanix,botanix,mainnet,2,0,BTC,18,bitcoin,1,30376,0x6F475642a6e85809B1c36Fa62763669b1b48DD5B,0xAaB5A48CFC03Efa9cC34A2C1aAcCCB84b4b770e4,0x4208D6E27538189bB48E603D6123A94b8Abe0A0b,0x41Bdb4aa4A63a5b2Efc531858d3118392B1A1C3d,0xC39161c743D0307EB9BCc9FEF03eeb9Dc4802de7,0xe1844c5D63a9543023008D332Bd3d2e6f1FE1043,0xc1ce56b2099ca68720592583c7984cab4b6d7e7a
false,4200,merlin,merlin,mainnet,2,0,BTC,18,bitcoin,1,30266,0x1a44076050125825900e736c501f859c50fE728c,0xAaB5A48CFC03Efa9cC34A2C1aAcCCB84b4b770e4,0xc097ab8CD7b053326DFe9fB3E3a31a0CCe3B526f,0x4208D6E27538189bB48E603D6123A94b8Abe0A0b,0xC39161c743D0307EB9BCc9FEF03eeb9Dc4802de7,0xe1844c5D63a9543023008D332Bd3d2e6f1FE1043,0x1ccbf0db9c192d969de57e25b3ff09a25bb1d862
false,4337,beam,meritcircle,mainnet,1,3,BEAM,18,beam-2,28298,30198,0x1a44076050125825900e736c501f859c50fE728c,0xF9d24d3AbF64A99C6FcdF19b27eF74B723A6110a,0x9Bdf3aE7E2e3D211811E5e782a808Ca0a75BF1Fc,0xe01F3c1CD14F39303D175c31c16f58707B28976b,0x763BfcE1Ed335885D0EeC1F182fE6E6B85BAbC92,0xe767e048221197A2b590CeB5C63C3AAD8ebf87eA,0x1ccbf0db9c192d969de57e25b3ff09a25bb1d862
false,5000,mantle,mantle,mainnet,2,1,MNT,18,mantle,27075,30181,0x1a44076050125825900e736c501f859c50fE728c,0x9BbEb2B2184B9313Cf5ed4a4DDFEa2ef62a2a03B,0x4Fc3f4A38Acd6E4cC0ccBc04B3Dd1CCAeFd7F3Cd,0x4E341b9Cf90514A5b7dfec2c9A1f20AA4514C260,0xde19274c009A22921E3966a1Ec868cEba40A5DaC,0x8da6512De9379fBF4F09BF520Caf7a85435ed93e,0x1ccbf0db9c192d969de57e25b3ff09a25bb1d862
false,6001,bouncebit,bouncebit,mainnet,1,0,BB,18,,30746,30293,0x1a44076050125825900e736c501f859c50fE728c,0x4514FC667a944752ee8A29F544c1B20b1A315f25,0xcCE466a522984415bC91338c232d98869193D46e,0xa20DB4Ffe74A31D17fc24BD32a7DD7555441058e,0xe1844c5D63a9543023008D332Bd3d2e6f1FE1043,0x2367325334447C5E1E0f1b3a6fB947b262F58312,0x1ccbf0db9c192d969de57e25b3ff09a25bb1d862
false,6900,nibiru,nibiru,mainnet,1,0,NIBI,18,,28508,30369,0x2a5E79DEE6E3544588BB3b675B1Cc3354Df2AEFD,0x2aA258ed5D0FCdb54054e87AB5a33d22008BBc10,0x6A02D83e8d433304bba74EF1c427913958187142,0xCd3F213AD101472e1713C72B1697E727C803885b,0xd1FA2df582C6C986Ec573e1a3B0218049CF1E5c7,0xeB8b16D080B0FcB0C6A89544f4Dd31e595382E8B,0xf540d892bc671f08e0b1c5b61185c53c2211e8f7
false,7560,cyber,cyber,mainnet,2,1,ETH,18,ethereum,1027,30283,0x1a44076050125825900e736c501f859c50fE728c,0xAaB5A48CFC03Efa9cC34A2C1aAcCCB84b4b770e4,0xc097ab8CD7b053326DFe9fB3E3a31a0CCe3B526f,0x4208D6E27538189bB48E603D6123A94b8Abe0A0b,0xC39161c743D0307EB9BCc9FEF03eeb9Dc4802de7,0xe1844c5D63a9543023008D332Bd3d2e6f1FE1043,0x1ccbf0db9c192d969de57e25b3ff09a25bb1d862
false,7700,canto,canto,mainnet,1,0,CANTO,18,canto,21516,30159,0x1a44076050125825900e736c501f859c50fE728c,0x087ceBBd85A161A50F91b9d7743e8b89fC384e2e,0x8E721E1930B4559AcAfDf06eE591af2FFCB93b8D,0xef32f931ac53808e695B7eF3D1b6C5016024a68f,0x61Ab01Ce58D1dFf3562bb25870020d555e39D849,0x6BD792911F4B3714E88FbDf32B351632e7d22c70,0x1ccbf0db9c192d969de57e25b3ff09a25bb1d862
false,7979,dos,dos,mainnet,1,3,DOS,18,,,30149,0x1a44076050125825900e736c501f859c50fE728c,0xCFc3f9dD0205b76FF04e20243f106465Dd829656,0x5B23E2bAe5C5f00e804EA2C4C9abe601604378fa,0xBB967E3A329F4c47F654B82a2F7d11E69E5A7143,0x72C91c46d7033dfF1707091Ef32D4951a73bD099,0xEF7781FC1C4F7B2Fd3Cf03f4d65b6835b27C1A0d,0x1ccbf0db9c192d969de57e25b3ff09a25bb1d862
false,8217,klaytn,klaytn,mainnet,1,0,KLAY,18,klay-token,4256,30150,0x1a44076050125825900e736c501f859c50fE728c,0x0a1dF45fCB28616bd2f45512f8Aa6ca958829eF1,0xe149187a987F129FD3d397ED04a60b0b89D1669f,0x75b073994560A5c03Cd970414d9170be0C6e5c36,0x9714Ccf1dedeF14BaB5013625DB92746C1358cb4,0x937AbA873827BF883CeD83CA557697427eAA46Ee,0x1ccbf0db9c192d969de57e25b3ff09a25bb1d862
false,8227,space,space,mainnet,1,3,USDC,18,usd-coin,3408,30341,0xAaB5A48CFC03Efa9cC34A2C1aAcCCB84b4b770e4,0xe1844c5D63a9543023008D332Bd3d2e6f1FE1043,0xcCE466a522984415bC91338c232d98869193D46e,0xa20DB4Ffe74A31D17fc24BD32a7DD7555441058e,0xc1B621b18187F74c8F6D52a6F709Dd2780C09821,0x377530cdA84DFb2673bF4d145DCF0C4D7fdcB5b6,0x3adb8d9c040fae1fbac9b579799cd4ca8c768f8a
false,8453,base,base,mainnet,2,1,ETH,18,ethereum,1027,30184,0x1a44076050125825900e736c501f859c50fE728c,0x5e2A88c385B86f00eb8F4d9f861649a6feB93F24,0x2CCA08ae69E0C44b18a57Ab2A87644234dAebaE4,0x125BD5c6C5066dcb4BB448b6eA8b9234Ed60e160,0xB5320B0B3a13cC860893E2Bd79FCd7e13484Dda2,0xc70AB6f32772f59fBfc23889Caf4Ba3376C84bAf,0x1ccbf0db9c192d969de57e25b3ff09a25bb1d862
false,8822,iota,iota,mainnet,1,0,IOTA,18,,1720,30284,0x1a44076050125825900e736c501f859c50fE728c,0xAaB5A48CFC03Efa9cC34A2C1aAcCCB84b4b770e4,0xc097ab8CD7b053326DFe9fB3E3a31a0CCe3B526f,0x4208D6E27538189bB48E603D6123A94b8Abe0A0b,0xC39161c743D0307EB9BCc9FEF03eeb9Dc4802de7,0xe1844c5D63a9543023008D332Bd3d2e6f1FE1043,0x1ccbf0db9c192d969de57e25b3ff09a25bb1d862
false,9069,apexfusionnexus,apexfusionnexus,mainnet,1,0,AP3X,18,,35955,30384,0x6F475642a6e85809B1c36Fa62763669b1b48DD5B,0xAaB5A48CFC03Efa9cC34A2C1aAcCCB84b4b770e4,0x4208D6E27538189bB48E603D6123A94b8Abe0A0b,0x41Bdb4aa4A63a5b2Efc531858d3118392B1A1C3d,0xC39161c743D0307EB9BCc9FEF03eeb9Dc4802de7,0xe1844c5D63a9543023008D332Bd3d2e6f1FE1043,0xc1ce56b2099ca68720592583c7984cab4b6d7e7a
false,11501,bevm,bevm,mainnet,2,0,BTC,18,bitcoin,1,30317,0xcb566e3B6934Fa77258d68ea18E931fa75e1aaAa,0x4514FC667a944752ee8A29F544c1B20b1A315f25,0x4208D6E27538189bB48E603D6123A94b8Abe0A0b,0x41Bdb4aa4A63a5b2Efc531858d3118392B1A1C3d,0xe1844c5D63a9543023008D332Bd3d2e6f1FE1043,0x2367325334447C5E1E0f1b3a6fB947b262F58312,0x26463a4af811c256f669524ec2dc1ba7e7a83c37
false,12739,concrete,concrete,mainnet,2,0,ETH,18,ethereum,1027,30366,0xcb566e3B6934Fa77258d68ea18E931fa75e1aaAa,0x4514FC667a944752ee8A29F544c1B20b1A315f25,0xa20DB4Ffe74A31D17fc24BD32a7DD7555441058e,0x4b80F7d25c451D204b1C93D9bdf2aB3B04f3EA4a,0xe1844c5D63a9543023008D332Bd3d2e6f1FE1043,0x2367325334447C5E1E0f1b3a6fB947b262F58312,0x26463a4af811c256f669524ec2dc1ba7e7a83c37
false,19011,homeverse,homeverse,mainnet,1,0,OAS,18,oasys,22265,30265,0x1a44076050125825900e736c501f859c50fE728c,0x66A71Dcef29A0fFBDBE3c6a460a3B5BC225Cd675,0xc097ab8CD7b053326DFe9fB3E3a31a0CCe3B526f,0x4208D6E27538189bB48E603D6123A94b8Abe0A0b,0x980205D352F198748B626f6f7C38A8a5663Ec981,0xFe7C30860D01e28371D40434806F4A8fcDD3A098,0x1ccbf0db9c192d969de57e25b3ff09a25bb1d862
false,33139,ape,ape,mainnet,2,2,APE,18,,18876,30312,0x6F475642a6e85809B1c36Fa62763669b1b48DD5B,0xAaB5A48CFC03Efa9cC34A2C1aAcCCB84b4b770e4,0xcCE466a522984415bC91338c232d98869193D46e,0xa20DB4Ffe74A31D17fc24BD32a7DD7555441058e,0xC39161c743D0307EB9BCc9FEF03eeb9Dc4802de7,0xe1844c5D63a9543023008D332Bd3d2e6f1FE1043,0xc1ce56b2099ca68720592583c7984cab4b6d7e7a
false,34443,mode,mode,mainnet,2,1,ETH,18,ethereum,1027,30260,0x1a44076050125825900e736c501f859c50fE728c,0xC39161c743D0307EB9BCc9FEF03eeb9Dc4802de7,0x4208D6E27538189bB48E603D6123A94b8Abe0A0b,0x41Bdb4aa4A63a5b2Efc531858d3118392B1A1C3d,0x2367325334447C5E1E0f1b3a6fB947b262F58312,0xc1B621b18187F74c8F6D52a6F709Dd2780C09821,0x1ccbf0db9c192d969de57e25b3ff09a25bb1d862
false,41923,edu,edu,mainnet,2,2,EDU,18,,24613,30328,0x3A73033C0b1407574C76BdBAc67f126f6b4a9AA9,0xC39161c743D0307EB9BCc9FEF03eeb9Dc4802de7,0x41Bdb4aa4A63a5b2Efc531858d3118392B1A1C3d,0x306B9a8953B9462F8b826e6768a93C8EA7454965,0x2367325334447C5E1E0f1b3a6fB947b262F58312,0xc1B621b18187F74c8F6D52a6F709Dd2780C09821,0xf540d892bc671f08e0b1c5b61185c53c2211e8f7
false,42161,arbitrum,arbitrum,mainnet,2,2,ETH,18,ethereum,1027,30110,0x1a44076050125825900e736c501f859c50fE728c,0x5440E2097C41F8e0a8551521d569c71de70fDe23,0x31CAe3B7fB82d847621859fb1585353c5720660D,0x6862dEd20594DA16B7cbB282894FaE23043A32BC,0x975bcD720be66659e3EB3C0e4F1866a3020E493A,0x7B9E184e07a6EE1aC23eAe0fe8D6Be2f663f05e6,0x1ccbf0db9c192d969de57e25b3ff09a25bb1d862
false,42170,nova,nova,mainnet,2,2,ETH,18,ethereum,1027,30175,0x1a44076050125825900e736c501f859c50fE728c,0x8E721E1930B4559AcAfDf06eE591af2FFCB93b8D,0x8Ee02736F8a0c28164a20c25f3d199a74DF7F24B,0x02E5fc018fa140eC2eE934f3Bf22a05DF62ba908,0xef32f931ac53808e695B7eF3D1b6C5016024a68f,0xB81F326b95e79eaC4aba800Ae545efb4C602973D,0x1ccbf0db9c192d969de57e25b3ff09a25bb1d862
false,42220,celo,celo,mainnet,1,0,CELO,18,celo,5567,30125,0x1a44076050125825900e736c501f859c50fE728c,0x6c47E59BC0600942146BF37668fc92b369C85ab7,0x1dDbaF8b75F2291A97C22428afEf411b7bB19e28,0x552661d1C85F256E008eE2315103c80fd1E298DF,0x42b4E9C6495B4cFDaE024B1eC32E09F28027620e,0xaDDed4478B423d991C21E525Cd3638FBce1AaD17,0x1ccbf0db9c192d969de57e25b3ff09a25bb1d862
false,42793,etherlink,etherlink,mainnet,2,0,XTZ,18,tezos,2011,30292,0xAaB5A48CFC03Efa9cC34A2C1aAcCCB84b4b770e4,0xe1844c5D63a9543023008D332Bd3d2e6f1FE1043,0xa20DB4Ffe74A31D17fc24BD32a7DD7555441058e,0x4b80F7d25c451D204b1C93D9bdf2aB3B04f3EA4a,0xc1B621b18187F74c8F6D52a6F709Dd2780C09821,0x377530cdA84DFb2673bF4d145DCF0C4D7fdcB5b6,0x3adb8d9c040fae1fbac9b579799cd4ca8c768f8a
false,43111,hemi,hemi,mainnet,2,1,ETH,18,ethereum,1027,30329,0x6F475642a6e85809B1c36Fa62763669b1b48DD5B,0xAaB5A48CFC03Efa9cC34A2C1aAcCCB84b4b770e4,0x4208D6E27538189bB48E603D6123A94b8Abe0A0b,0x41Bdb4aa4A63a5b2Efc531858d3118392B1A1C3d,0xC39161c743D0307EB9BCc9FEF03eeb9Dc4802de7,0xe1844c5D63a9543023008D332Bd3d2e6f1FE1043,0xc1ce56b2099ca68720592583c7984cab4b6d7e7a
false,43114,avalanche,avalanche,mainnet,1,0,AVAX,18,avalanche-2,5805,30106,0x1a44076050125825900e736c501f859c50fE728c,0x5cDc927876031B4Ef910735225c425A7Fc8efed9,0x90E595783E43eb89fF07f63d27B8430e6B44bD9c,0x45d7C6808De24F70480d5947cE2081BA8C9C57F5,0x197D1333DEA5Fe0D6600E9b396c7f1B1cFCc558a,0xbf3521d309642FA9B1c91A08609505BA09752c61,0x1ccbf0db9c192d969de57e25b3ff09a25bb1d862
false,43419,gunz,gunz,mainnet,2,3,GUN,18,,36156,30371,0xcb566e3B6934Fa77258d68ea18E931fa75e1aaAa,0x4514FC667a944752ee8A29F544c1B20b1A315f25,0xa20DB4Ffe74A31D17fc24BD32a7DD7555441058e,0x4b80F7d25c451D204b1C93D9bdf2aB3B04f3EA4a,0xe1844c5D63a9543023008D332Bd3d2e6f1FE1043,0x2367325334447C5E1E0f1b3a6fB947b262F58312,0x26463a4af811c256f669524ec2dc1ba7e7a83c37
false,48900,zircuit,zircuit,mainnet,1,0,ETH,18,ethereum,1027,30303,0x6F475642a6e85809B1c36Fa62763669b1b48DD5B,0xAaB5A48CFC03Efa9cC34A2C1aAcCCB84b4b770e4,0xcCE466a522984415bC91338c232d98869193D46e,0xa20DB4Ffe74A31D17fc24BD32a7DD7555441058e,0xC39161c743D0307EB9BCc9FEF03eeb9Dc4802de7,0xe1844c5D63a9543023008D332Bd3d2e6f1FE1043,0xc1ce56b2099ca68720592583c7984cab4b6d7e7a
false,50104,sophon,sophon,mainnet,2,0,SOPH,18,sophon,32087,30334,0x5c6cfF4b7C49805F8295Ff73C204ac83f3bC4AE7,0x52fFEeaE5Ffa89D4b31c72F87ead3699FCB79e40,0x553313dB58dEeFa3D55B1457D27EAB3Fe5EC87E8,0xcaeB82549Ff641C4aF73505a137B5BeD06FEaf64,0x01047601DB5E63b1574aae317BAd9C684E3C9056,0x9AB633555E460C01f8c7b8ab24C88dD4986dD5A1,0x3258287147fb7887d8a643006e26e19368057377
false,50312,somnia,somnia,mainnet,1,0,STT,18,,,30380,0x6F475642a6e85809B1c36Fa62763669b1b48DD5B,0xAaB5A48CFC03Efa9cC34A2C1aAcCCB84b4b770e4,0x4208D6E27538189bB48E603D6123A94b8Abe0A0b,0x41Bdb4aa4A63a5b2Efc531858d3118392B1A1C3d,0xC39161c743D0307EB9BCc9FEF03eeb9Dc4802de7,0xe1844c5D63a9543023008D332Bd3d2e6f1FE1043,0xc1ce56b2099ca68720592583c7984cab4b6d7e7a
false,53935,dfk,dfk,mainnet,1,3,JEWEL,18,defi-kingdoms,12319,30115,0x1a44076050125825900e736c501f859c50fE728c,0x11bb2991882a86Dc3E38858d922559A385d506bA,0x1a7CE89220b945e82f80380B14aA6FDC5E5e3B2A,0xE1CC9f508c53277534C62B511Eb1F42607993c1b,0xc80233AD8251E668BecbC3B0415707fC7075501e,0x556d7664d5b4Db11f381c714B6b47A8Bf0b494FD,0x1ccbf0db9c192d969de57e25b3ff09a25bb1d862
false,55244,superposition,superposition,mainnet,3,2,ETH,18,ethereum,1027,30327,0x6F475642a6e85809B1c36Fa62763669b1b48DD5B,0xAaB5A48CFC03Efa9cC34A2C1aAcCCB84b4b770e4,0x4208D6E27538189bB48E603D6123A94b8Abe0A0b,0x41Bdb4aa4A63a5b2Efc531858d3118392B1A1C3d,0xC39161c743D0307EB9BCc9FEF03eeb9Dc4802de7,0xe1844c5D63a9543023008D332Bd3d2e6f1FE1043,0xc1ce56b2099ca68720592583c7984cab4b6d7e7a
false,57073,ink,ink,mainnet,2,1,ETH,18,ethereum,1027,30339,0xca29f3A6f966Cb2fc0dE625F8f325c0C46dbE958,0x658fd63Dca9378e3B7DEb49463D0b25336433F91,0xFEbCF17b11376C724AB5a5229803C6e838b6eAe5,0xAE3C661292bb4D0AEEe0588b4404778DF1799EE6,0x76111DE813F83AAAdBD62773Bf41247634e2319a,0x473132bb594caEF281c68718F4541f73FE14Dc89,0x796862c4849662bfc30fe7559780923d519d3192
false,59144,linea,zkconsensys,mainnet,2,0,ETH,18,ethereum,1027,30183,0x1a44076050125825900e736c501f859c50fE728c,0x2c83731aa397cd8E6bF8C77d9090b8845581d08c,0x0408804C5dcD9796F22558464E6fE5bDdF16A7c7,0x59dAE6516D2fA7F21195adC0Cda14d819D21031C,0x32042142DD551b4EbE17B6FEd53131dd4b4eEa06,0xE22ED54177CE1148C557de74E4873619e6c6b205,0x1ccbf0db9c192d969de57e25b3ff09a25bb1d862
false,60808,bob,bob,mainnet,2,1,ETH,18,ethereum,1027,30279,0x1a44076050125825900e736c501f859c50fE728c,0xAaB5A48CFC03Efa9cC34A2C1aAcCCB84b4b770e4,0xc097ab8CD7b053326DFe9fB3E3a31a0CCe3B526f,0x4208D6E27538189bB48E603D6123A94b8Abe0A0b,0xC39161c743D0307EB9BCc9FEF03eeb9Dc4802de7,0xe1844c5D63a9543023008D332Bd3d2e6f1FE1043,0x0000000000000000000000000000000000000000
false,69000,animechain,animechain,mainnet,2,2,ANIME,18,anime,35319,30372,0x6F475642a6e85809B1c36Fa62763669b1b48DD5B,0xAaB5A48CFC03Efa9cC34A2C1aAcCCB84b4b770e4,0x4208D6E27538189bB48E603D6123A94b8Abe0A0b,0x41Bdb4aa4A63a5b2Efc531858d3118392B1A1C3d,0xC39161c743D0307EB9BCc9FEF03eeb9Dc4802de7,0xe1844c5D63a9543023008D332Bd3d2e6f1FE1043,0xc1ce56b2099ca68720592583c7984cab4b6d7e7a
false,80094,bera,bera,mainnet,3,0,BERA,18,,24647,30362,0x6F475642a6e85809B1c36Fa62763669b1b48DD5B,0xAaB5A48CFC03Efa9cC34A2C1aAcCCB84b4b770e4,0x4208D6E27538189bB48E603D6123A94b8Abe0A0b,0x41Bdb4aa4A63a5b2Efc531858d3118392B1A1C3d,0xC39161c743D0307EB9BCc9FEF03eeb9Dc4802de7,0xe1844c5D63a9543023008D332Bd3d2e6f1FE1043,0xc1ce56b2099ca68720592583c7984cab4b6d7e7a
false,81224,codex,codex,mainnet,2,1,ETH,18,ethereum,1027,30323,0xcb566e3B6934Fa77258d68ea18E931fa75e1aaAa,0x4514FC667a944752ee8A29F544c1B20b1A315f25,0x4208D6E27538189bB48E603D6123A94b8Abe0A0b,0x41Bdb4aa4A63a5b2Efc531858d3118392B1A1C3d,0xe1844c5D63a9543023008D332Bd3d2e6f1FE1043,0x2367325334447C5E1E0f1b3a6fB947b262F58312,0x26463a4af811c256f669524ec2dc1ba7e7a83c37
false,81457,blast,blast,mainnet,2,1,ETH,18,ethereum,1027,30243,0x1a44076050125825900e736c501f859c50fE728c,0xe1844c5D63a9543023008D332Bd3d2e6f1FE1043,0x4208D6E27538189bB48E603D6123A94b8Abe0A0b,0x41Bdb4aa4A63a5b2Efc531858d3118392B1A1C3d,0xc1B621b18187F74c8F6D52a6F709Dd2780C09821,0x377530cdA84DFb2673bF4d145DCF0C4D7fdcB5b6,0x1ccbf0db9c192d969de57e25b3ff09a25bb1d862
false,88911,ethereum-sandbox,ethereum,sandbox,1,0,ETH,18,ethereum,1027,50121,0x0b48aF34f4c854F5ae1A3D587da471FeA45bAD52,0x8cDbD76bB6Cf0293e07deEEEd460cf579873aF44,0x36B22905A1211A55E0d62eF46720172e2b0f24BD,0x050499eBdbBBc1216011dE07A48b5182c983Ae74,0xe6b98F104c1BEf218F3893ADab4160Dc73Eb8367,0x5C7c905B505f0Cf40Ab6600d05e677F717916F6B,
false,94524,xchain,xchain,mainnet,2,2,ETH,18,ethereum,1027,30291,0x1a44076050125825900e736c501f859c50fE728c,0x4514FC667a944752ee8A29F544c1B20b1A315f25,0xcCE466a522984415bC91338c232d98869193D46e,0xa20DB4Ffe74A31D17fc24BD32a7DD7555441058e,0xe1844c5D63a9543023008D332Bd3d2e6f1FE1043,0x2367325334447C5E1E0f1b3a6fB947b262F58312,0x1ccbf0db9c192d969de57e25b3ff09a25bb1d862
false,98865,plume,plume,mainnet,2,2,ETH,18,ethereum,1027,30318,0x6F475642a6e85809B1c36Fa62763669b1b48DD5B,0xAaB5A48CFC03Efa9cC34A2C1aAcCCB84b4b770e4,0xcCE466a522984415bC91338c232d98869193D46e,0xa20DB4Ffe74A31D17fc24BD32a7DD7555441058e,0xC39161c743D0307EB9BCc9FEF03eeb9Dc4802de7,0xe1844c5D63a9543023008D332Bd3d2e6f1FE1043,0xc1ce56b2099ca68720592583c7984cab4b6d7e7a
false,98866,plumephoenix,plumephoenix,mainnet,2,2,PLUME,18,,35364,30370,0xC1b15d3B262bEeC0e3565C11C9e0F6134BdaCB36,0x38dE71124f7a447a01D67945a51eDcE9FF491251,0x41Bdb4aa4A63a5b2Efc531858d3118392B1A1C3d,0x306B9a8953B9462F8b826e6768a93C8EA7454965,0xFe7C30860D01e28371D40434806F4A8fcDD3A098,0x5B19bd330A84c049b62D5B0FC2bA120217a18C1C,0x9e611db91ade3312534064ae6ae700f5b531844c
false,167000,taiko,taiko,mainnet,1,0,ETH,18,ethereum,1027,30290,0x1a44076050125825900e736c501f859c50fE728c,0xe1844c5D63a9543023008D332Bd3d2e6f1FE1043,0xa20DB4Ffe74A31D17fc24BD32a7DD7555441058e,0x4b80F7d25c451D204b1C93D9bdf2aB3B04f3EA4a,0xc1B621b18187F74c8F6D52a6F709Dd2780C09821,0x377530cdA84DFb2673bF4d145DCF0C4D7fdcB5b6,0x1ccbf0db9c192d969de57e25b3ff09a25bb1d862
false,200901,bitlayer,bitlayer,mainnet,1,0,BTC,18,bitcoin,1,30314,0x6F475642a6e85809B1c36Fa62763669b1b48DD5B,0xAaB5A48CFC03Efa9cC34A2C1aAcCCB84b4b770e4,0xcCE466a522984415bC91338c232d98869193D46e,0xa20DB4Ffe74A31D17fc24BD32a7DD7555441058e,0xC39161c743D0307EB9BCc9FEF03eeb9Dc4802de7,0xe1844c5D63a9543023008D332Bd3d2e6f1FE1043,0xc1ce56b2099ca68720592583c7984cab4b6d7e7a
false,432204,dexalot,dexalot,mainnet,1,3,ALOT,18,dexalot,18732,30118,0x1a44076050125825900e736c501f859c50fE728c,0x5c824c516bA5FA8dB75738ef5bDac4EfDCa691f1,0xcbD35a9b849342AD34a71e072D9947D4AFb4E164,0x060335db0F285F144388E22e851916D654AB26A0,0x439C059878fA7A747ead101e2e20A65AcA01C7A8,0xe01F3c1CD14F39303D175c31c16f58707B28976b,0x1ccbf0db9c192d969de57e25b3ff09a25bb1d862
false,534352,scroll,scroll,mainnet,2,0,ETH,18,ethereum,1027,30214,0x1a44076050125825900e736c501f859c50fE728c,0xF487E8D03CDa77Ce9a66B35220D6cBB95d4C2877,0x581b26F362AD383f7B51eF8A165Efa13DDe398a4,0x4Fc3f4A38Acd6E4cC0ccBc04B3Dd1CCAeFd7F3Cd,0x9BbEb2B2184B9313Cf5ed4a4DDFEa2ef62a2a03B,0x8363302080e711E0CAb978C081b9e69308d49808,0x1ccbf0db9c192d969de57e25b3ff09a25bb1d862
false,660279,xai,xai,mainnet,1,2,XAI,18,xai-blockchain,28933,30236,0x1a44076050125825900e736c501f859c50fE728c,0x4514FC667a944752ee8A29F544c1B20b1A315f25,0xcCE466a522984415bC91338c232d98869193D46e,0xa20DB4Ffe74A31D17fc24BD32a7DD7555441058e,0xe1844c5D63a9543023008D332Bd3d2e6f1FE1043,0x2367325334447C5E1E0f1b3a6fB947b262F58312,0x1ccbf0db9c192d969de57e25b3ff09a25bb1d862
false,710420,tiltyard,tiltyard,mainnet,1,3,TILT,18,,,30238,0x3A73033C0b1407574C76BdBAc67f126f6b4a9AA9,0x2936aB2dD26Bc42F05BDBC97b4aD52f989D994D7,0xEF7781FC1C4F7B2Fd3Cf03f4d65b6835b27C1A0d,0xb328c2C62E83D3a179646b5c7284A99182735241,0x62d142E186344C0a2445c822e356E87faF7b8288,0xd83B25f4Ff6C596380c36C7eD10c225d6B17Dfd7,0xf540d892bc671f08e0b1c5b61185c53c2211e8f7
false,747474,katana,katana,mainnet,2,0,ETH,18,ethereum,1027,30375,0x6F475642a6e85809B1c36Fa62763669b1b48DD5B,0xAaB5A48CFC03Efa9cC34A2C1aAcCCB84b4b770e4,0x4208D6E27538189bB48E603D6123A94b8Abe0A0b,0x41Bdb4aa4A63a5b2Efc531858d3118392B1A1C3d,0xC39161c743D0307EB9BCc9FEF03eeb9Dc4802de7,0xe1844c5D63a9543023008D332Bd3d2e6f1FE1043,0xc1ce56b2099ca68720592583c7984cab4b6d7e7a
false,810180,zklink,zklink,mainnet,3,0,ETH,18,ethereum,1027,30301,0x5c6cfF4b7C49805F8295Ff73C204ac83f3bC4AE7,0x52fFEeaE5Ffa89D4b31c72F87ead3699FCB79e40,0x06e56abD0cb3C88880644bA3C534A498cA18E5C8,0xdF7D44c9EfA2DB43152D9F5eD8b755b4BEbd323B,0x01047601DB5E63b1574aae317BAd9C684E3C9056,0x9AB633555E460C01f8c7b8ab24C88dD4986dD5A1,0x3258287147fb7887d8a643006e26e19368057377
false,889156,bsc-sandbox,bsc,sandbox,1,0,BNB,18,binancecoin,1839,50102,0x0b48aF34f4c854F5ae1A3D587da471FeA45bAD52,0x8cDbD76bB6Cf0293e07deEEEd460cf579873aF44,0x36B22905A1211A55E0d62eF46720172e2b0f24BD,0x050499eBdbBBc1216011dE07A48b5182c983Ae74,0xe6b98F104c1BEf218F3893ADab4160Dc73Eb8367,0x5C7c905B505f0Cf40Ab6600d05e677F717916F6B,
false,5151706,loot,loot,mainnet,2,1,AGLD,18,adventure-gold,11568,30197,0x1a44076050125825900e736c501f859c50fE728c,0x57D9775eE8feC31F1B612a06266f599dA167d211,0x000CC1A759bC3A15e664Ed5379E321Be5de1c9B6,0x2d24207F9C1F77B2E08F2C3aD430da18e355CF66,0xCFf08a35A5f27F306e2DA99ff198dB90f13DEF77,0xBB967E3A329F4c47F654B82a2F7d11E69E5A7143,0x1ccbf0db9c192d969de57e25b3ff09a25bb1d862
false,6985385,humanity,humanity,mainnet,2,2,H,18,,36922,30382,0x6F475642a6e85809B1c36Fa62763669b1b48DD5B,0xAaB5A48CFC03Efa9cC34A2C1aAcCCB84b4b770e4,0xcCE466a522984415bC91338c232d98869193D46e,0x41Bdb4aa4A63a5b2Efc531858d3118392B1A1C3d,0xC39161c743D0307EB9BCc9FEF03eeb9Dc4802de7,0xe1844c5D63a9543023008D332Bd3d2e6f1FE1043,0xc1ce56b2099ca68720592583c7984cab4b6d7e7a
false,7777777,zora,zora,mainnet,2,1,ETH,18,ethereum,1027,30195,0x1a44076050125825900e736c501f859c50fE728c,0x4d91d0Bd09d634A7f5a99b5eeEF3af6241E9Fe07,0x4f8B7a7a346Da5c467085377796e91220d904c15,0x1aCe9DD1BC743aD036eF2D92Af42Ca70A1159df5,0xeDf930Cd8095548f97b21ec4E2dE5455a7382f04,0x57D9775eE8feC31F1B612a06266f599dA167d211,0x1ccbf0db9c192d969de57e25b3ff09a25bb1d862
false,8891137,polygon-sandbox,polygon,sandbox,2,0,MATIC,18,polygon-ecosystem-token,28321,50109,0x0b48aF34f4c854F5ae1A3D587da471FeA45bAD52,0x8cDbD76bB6Cf0293e07deEEEd460cf579873aF44,0x36B22905A1211A55E0d62eF46720172e2b0f24BD,0x050499eBdbBBc1216011dE07A48b5182c983Ae74,0xe6b98F104c1BEf218F3893ADab4160Dc73Eb8367,0x5C7c905B505f0Cf40Ab6600d05e677F717916F6B,
false,21000000,mp1,mp1,mainnet,2,2,BTCN,18,,1,30331,0xcb566e3B6934Fa77258d68ea18E931fa75e1aaAa,0x4514FC667a944752ee8A29F544c1B20b1A315f25,0xa20DB4Ffe74A31D17fc24BD32a7DD7555441058e,0x4b80F7d25c451D204b1C93D9bdf2aB3B04f3EA4a,0xe1844c5D63a9543023008D332Bd3d2e6f1FE1043,0x2367325334447C5E1E0f1b3a6fB947b262F58312,0x26463a4af811c256f669524ec2dc1ba7e7a83c37
false,666666666,degen,degen,mainnet,1,0,DEGEN,18,degen-base,30096,30267,0x1a44076050125825900e736c501f859c50fE728c,0xAaB5A48CFC03Efa9cC34A2C1aAcCCB84b4b770e4,0xc097ab8CD7b053326DFe9fB3E3a31a0CCe3B526f,0x4208D6E27538189bB48E603D6123A94b8Abe0A0b,0xC39161c743D0307EB9BCc9FEF03eeb9Dc4802de7,0xe1844c5D63a9543023008D332Bd3d2e6f1FE1043,0x1ccbf0db9c192d969de57e25b3ff09a25bb1d862
false,1313161554,aurora,aurora,mainnet,1,0,ETH,18,ethereum,1027,30211,0x1a44076050125825900e736c501f859c50fE728c,0x4f8B7a7a346Da5c467085377796e91220d904c15,0xA2b402FFE8dd7460a8b425644B6B9f50667f0A61,0x0b5E5452d0c9DA1Bb5fB0664F48313e9667d7820,0x1aCe9DD1BC743aD036eF2D92Af42Ca70A1159df5,0x000CC1A759bC3A15e664Ed5379E321Be5de1c9B6,0x1ccbf0db9c192d969de57e25b3ff09a25bb1d862
false,1380012617,rarible,rarible,mainnet,2,2,ETH,18,ethereum,1027,30235,0x1a44076050125825900e736c501f859c50fE728c,0x2d24207F9C1F77B2E08F2C3aD430da18e355CF66,0x1E4CAc6c2c955cAED779ef24d5B8C5EE90b1f914,0x4740469750ce90fDB73F5fD0a062FFF0b1E4Be5D,0xA09dB5142654e3eB5Cf547D66833FAe7097B21C3,0x148f693af10ddfaE81cDdb36F4c93B31A90076e1,0x1ccbf0db9c192d969de57e25b3ff09a25bb1d862
false,1666600000,harmony,harmony,mainnet,2,0,ONE,18,harmony,3945,30116,0x1a44076050125825900e736c501f859c50fE728c,0xcDF687DdD0e88aBB026910988eB4908BaB86b719,0xd27B2Fe1d0a60E06A0ec7e64501d2f15e6c65Bd9,0xdf3ad32a558578AC0AD1c19AAD41DA1ba5b37d69,0x795F8325aF292Ff6E58249361d1954893BE15Aff,0x177d36dBE2271A4DdB2Ad8304d82628eb921d790,0x1ccbf0db9c192d969de57e25b3ff09a25bb1d862
false,2046399126,skale,skale,mainnet,2,0,MATIC,18,polygon-ecosystem-token,28321,30273,0xe1844c5D63a9543023008D332Bd3d2e6f1FE1043,0x377530cdA84DFb2673bF4d145DCF0C4D7fdcB5b6,0x4208D6E27538189bB48E603D6123A94b8Abe0A0b,0x41Bdb4aa4A63a5b2Efc531858d3118392B1A1C3d,0x37aaaf95887624a363effB7762D489E3C05c2a02,0x15e51701F245F6D5bd0FEE87bCAf55B0841451B3,0x0000000000000000000000000000000000000000
true,31,rootstock-testnet,rootstock,testnet,1,0,RBTC,18,,3626,40350,0x6C7Ab2202C98C4227C5c46f1417D81144DA716Ff,0x145C041566B21Bec558B2A37F1a5Ff261aB55998,0x9dB9Ca3305B48F196D18082e91cB64663b13d014,0xe1a12515F9AB2764b887bF60B923Ca494EBbB2d6,0xd682ECF100f6F4284138AA925348633B0611Ae21,0xcF1B0F4106B0324F96fEfcC31bA9498caa80701C,0x7f2e3456388687825f0d6f1c5daab1ba07bf17d5
true,41,telos-testnet,telos,testnet,1,0,TLOS,18,telos,4660,40199,0x6EDCE65403992e310A62460808c4b910D972f10f,0x06A9BB20Adc83Cb6F9C22839B2F2C4C3391a4A3d,0x9Ed8C430B96ae6FDdDb542DDa4eF6f53E919eBdD,0x5709988a03d1CC02197F222D2C72CcC6018bCE0B,0x4628040135EF85759594290F0877aB93B660ac8b,0x9Fc55169a8B47EDCE891942565De00DBd50B3C2E,0x0c77d8d771ab35e2e184e7ce127f19ced31ff8c0
true,47,xpla-testnet,xpla,testnet,1,0,XPLA,18,,22359,40216,0x6EDCE65403992e310A62460808c4b910D972f10f,0x826b93439CB1d53467566d04A9Ddc03F73614e59,0x43d28BEbaDF8B99C1aCF8c4961E4Fb895321EF23,0x5Dc8940645aCeAb31f7b3486A5855d0628Bad6d2,0x1a2fd0712Ded46794022DdB16a282e798D22a7FB,0x13f78F780BB0ED02bC6df9FFA42fc2D8bB3F9aF5,0x0c77d8d771ab35e2e184e7ce127f19ced31ff8c0
true,71,conflux-testnet,conflux,testnet,1,0,CFX,18,conflux-token,7334,40211,0x6EDCE65403992e310A62460808c4b910D972f10f,0xd6B89da4b5587A47578405A7BDb63772Cd24DD2A,0xE699078689c771383C8e262DCFeE520c9171ED53,0x4235F07eFE67afC9EcaD2B79B5df7479E7489425,0x9325bE62062a8844839C0fF9cbb0bA97b2d9EAF9,0x99710d5cd4650A0E6b34438d0bD860F5A426EFd6,0x0c77d8d771ab35e2e184e7ce127f19ced31ff8c0
true,81,astar-testnet,astar,testnet,2,0,ASTR,18,astar,12885,40210,0x6EDCE65403992e310A62460808c4b910D972f10f,0x11E513aB8002d740434A131e1fD43126D985c5F1,0x9130D98D47984BF9dc796829618C36CBdA43EBb9,0x4b21Ad992A05Fb14e08df2cAF8d71A5c28b1f5E9,0x3617dA335F75164809B540bA31bdf79DE6cB1Ee3,0xdBdC042321A87DFf222C6BF26be68Ad7b3d7543f,0x0c77d8d771ab35e2e184e7ce127f19ced31ff8c0
true,83,meter-testnet,meter,testnet,1,0,MTR,18,meter-stable,6627,40156,0x3E03163f253ec436d4562e5eFd038cf98827B7eC,0x5Ee5B5D0a9e13A4a348b0888Db3Fe17b046F07cb,0x68921A9530579203EE812ebddd0eE31ED43E7040,0xe43c4D4d9C7760f44491773A7A08A66aF15545AD,0x6B946AF0b8F3B4D33a36f90C5227D0054722FF32,0xeA2B12219472e0d2a7795c7f61B0602bF5c36E25,0x82bd6930d894a2c35145a39d95a1b849540b2ebd
true,97,bsc-testnet,bsc,testnet,1,0,BNB,18,binancecoin,1839,40102,0x6EDCE65403992e310A62460808c4b910D972f10f,0x9a8E38C2394A4ec94421750b96a67A5CeF75EbfE,0x31894b190a8bAbd9A067Ce59fde0BfCFD2B18470,0x2b8e58866f7312b97Bd66d76BC7d911721563B71,0x55f16c442907e86D764AFdc2a07C2de3BdAc8BB7,0x188d4bbCeD671A7aA2b5055937F79510A32e9683,0x0c77d8d771ab35e2e184e7ce127f19ced31ff8c0
true,111,bob-testnet,bob,testnet,2,1,ETH,18,ethereum,1027,40279,0x6EDCE65403992e310A62460808c4b910D972f10f,0x145C041566B21Bec558B2A37F1a5Ff261aB55998,0x55c175DD5b039331dB251424538169D8495C18d1,0x9dB9Ca3305B48F196D18082e91cB64663b13d014,0xd682ECF100f6F4284138AA925348633B0611Ae21,0xcF1B0F4106B0324F96fEfcC31bA9498caa80701C,0x0c77d8d771ab35e2e184e7ce127f19ced31ff8c0
true,114,flare-testnet,flare,testnet,1,3,FLR,18,,7950,40294,0x6EDCE65403992e310A62460808c4b910D972f10f,0xd682ECF100f6F4284138AA925348633B0611Ae21,0x9dB9Ca3305B48F196D18082e91cB64663b13d014,0xe1a12515F9AB2764b887bF60B923Ca494EBbB2d6,0x00C5C0B8e0f75aB862CbAaeCfff499dB555FBDD2,0x1d186C560281B8F1AF831957ED5047fD3AB902F9,0x0c77d8d771ab35e2e184e7ce127f19ced31ff8c0
true,123,fusespark,fuse,testnet,2,0,FUSE,18,fuse-network-token,5634,40138,0x6EDCE65403992e310A62460808c4b910D972f10f,0x306202702AF38152D3604cD82af71C3db0eE08CF,0x86d08462EaA1559345d7F41f937B2C804209DB8A,0x7F417F2192B89Cf93b8c4Ee01d558883A0AD7B47,0x098Fed01ABd66C63e706Ed9b368726DE54FefBEb,0x253E37074D299b70d11F72eF547cc2EF59fD7f9C,0x0c77d8d771ab35e2e184e7ce127f19ced31ff8c0
true,155,tenet-testnet,tenet,testnet,1,0,TENET,18,tenet-1b000f7b-59cb-4e06-89ce-d62b32d362b9,24892,40173,0x6EDCE65403992e310A62460808c4b910D972f10f,0xA9D464DAaF3954C2e2d346ca793BE89565694C7D,0xdfF535e7F030E4aA69CcC7E4a8404648e872E220,0x56AdB34A18897dAcd737921cbA6AA0518840C0dd,0x2CAD3483690a95d10eeADFb7A79C212050BF5a23,0xBaf97EC0E26b7879850c8682AdB723670C6133AF,0x0c77d8d771ab35e2e184e7ce127f19ced31ff8c0
true,195,xlayer-testnet,xlayer,testnet,1,0,OKB,18,okb,3897,40269,0x6EDCE65403992e310A62460808c4b910D972f10f,0xcF1B0F4106B0324F96fEfcC31bA9498caa80701C,0x4Cf1B3Fa61465c2c907f82fC488B43223BA0CF93,0x4dFa426aEAA55E6044d2b47682842460a04aF45c,0x1d186C560281B8F1AF831957ED5047fD3AB902F9,0x53fd4C4fBBd53F6bC58CaE6704b92dB1f360A648,0x0c77d8d771ab35e2e184e7ce127f19ced31ff8c0
true,233,exocore-testnet,exocore,testnet,1,0,ETH,18,ethereum,1027,40259,0x6EDCE65403992e310A62460808c4b910D972f10f,0x145C041566B21Bec558B2A37F1a5Ff261aB55998,0x55c175DD5b039331dB251424538169D8495C18d1,0x9dB9Ca3305B48F196D18082e91cB64663b13d014,0xd682ECF100f6F4284138AA925348633B0611Ae21,0xcF1B0F4106B0324F96fEfcC31bA9498caa80701C,0x0c77d8d771ab35e2e184e7ce127f19ced31ff8c0
true,240,cronoszkevm-testnet,cronoszkevm,testnet,2,0,zkCRO,18,cronos-zkevm-cro,,40360,0x9EC2DB700a3c3D35888acCa134F3f860B4a0b41a,0xC29f0C76E85723ecFbF50D6cbE1ABEac451D0661,0xe2Ef622A13e71D9Dd2BBd12cd4b27e1516FA8a09,0x2DCC8cFb612fDbC0Fb657eA1B51A6F77b8b86448,0x0e2c52BC2e119b1919e68f4F1874D4d30F6eF9fB,0x5f04B588B9408d8d5F4ac250e8c71986683C35A5,0x25aa15242c9d94526f2844e7c03c5a40e8a79256
true,296,hedera-testnet,hedera,testnet,1,0,HBAR,8,hedera-hashgraph,4642,40285,0xbD672D1562Dd32C23B563C989d8140122483631d,0x19D1198b0f43Ec076a897bF98dEb0FD1D6CE8B9f,0xe514D331c54d7339108045bF4794F8d71cad110e,0x4C88bA56a20A77E72F809F08fFD87e8bb6a87dF7,0x1707575f7cecdc0ad53fde9ba9bda3ed5d4440f4,0xc0c34919A04d69415EF2637A3Db5D637a7126cd0,0xeee3044f72093d25f70dc6c684fbb0c81dde62d1
true,300,zksync-sepolia,zksyncsep,testnet,2,0,ETH,18,ethereum,1027,40305,0xe2Ef622A13e71D9Dd2BBd12cd4b27e1516FA8a09,0x2DCC8cFb612fDbC0Fb657eA1B51A6F77b8b86448,0x6E9bcFCbEdb7d1298E66cdE81ed9f39b1e12f935,0x07246FE876b4d283CA0Ca06A4144d6e160aCC739,0xaF862837316E00d2708Bd648c5FE87EdC7093799,0x5c123dB6f87CC0d7e320C5CC9EaAfD336B5f6eF3,0x9493a593f5ee4da6a18003783a71936243ebc04f
true,335,dfk-testnet,dfk,testnet,1,3,JEWEL,18,defi-kingdoms,12319,40115,0x94FF3a4d9E9792dc59193ff753B5038A14c59570,0xC0B1B3c66fEA930A504113C133Af5a040fc8F50A,0x1b3649C2C06F1fb0d3e57FB001c8B592f5E3CAc6,0x2b4875BF114052e808CBD8498635F528c7d50C93,0xd45316d099dC4f3B15f2462888D62D919bc07a61,0x5709988a03d1CC02197F222D2C72CcC6018bCE0B,0xbddcf3fa3c748d54ba7f75f3006342ee98953399
true,338,cronosevm-testnet,cronosevm,testnet,1,0,CRO,18,,3635,40359,0x6C7Ab2202C98C4227C5c46f1417D81144DA716Ff,0x145C041566B21Bec558B2A37F1a5Ff261aB55998,0x9dB9Ca3305B48F196D18082e91cB64663b13d014,0xe1a12515F9AB2764b887bF60B923Ca494EBbB2d6,0xd682ECF100f6F4284138AA925348633B0611Ae21,0xcF1B0F4106B0324F96fEfcC31bA9498caa80701C,0x926984a57b10a3a5c4cfdbac04daaa0309e78932
true,478,form-testnet,form,testnet,1,0,ETH,18,ethereum,1027,40270,0x6EDCE65403992e310A62460808c4b910D972f10f,0x6Ac7bdc07A0583A362F1497252872AE6c0A5F5B8,0x12523de19dc41c91F7d2093E0CFbB76b17012C8d,0x701f3927871EfcEa1235dB722f9E608aE120d243,0x45841dd1ca50265Da7614fC43A361e526c0e6160,0xd682ECF100f6F4284138AA925348633B0611Ae21,
true,545,flow-testnet,flow,testnet,2,0,FLOW,18,,4558,40351,0x6C7Ab2202C98C4227C5c46f1417D81144DA716Ff,0x145C041566B21Bec558B2A37F1a5Ff261aB55998,0x9dB9Ca3305B48F196D18082e91cB64663b13d014,0xe1a12515F9AB2764b887bF60B923Ca494EBbB2d6,0xd682ECF100f6F4284138AA925348633B0611Ae21,0xcF1B0F4106B0324F96fEfcC31bA9498caa80701C,0x926984a57b10a3a5c4cfdbac04daaa0309e78932
true,901,lyra-testnet,lyra,testnet,2,1,ETH,18,ethereum,1027,40308,0x6C7Ab2202C98C4227C5c46f1417D81144DA716Ff,0x145C041566B21Bec558B2A37F1a5Ff261aB55998,0x701f3927871EfcEa1235dB722f9E608aE120d243,0x4Cf1B3Fa61465c2c907f82fC488B43223BA0CF93,0xd682ECF100f6F4284138AA925348633B0611Ae21,0xcF1B0F4106B0324F96fEfcC31bA9498caa80701C,0x926984a57b10a3a5c4cfdbac04daaa0309e78932
true,919,mode-testnet,mode,testnet,2,1,ETH,18,ethereum,1027,40260,0x6EDCE65403992e310A62460808c4b910D972f10f,0xd682ECF100f6F4284138AA925348633B0611Ae21,0x9dB9Ca3305B48F196D18082e91cB64663b13d014,0xe1a12515F9AB2764b887bF60B923Ca494EBbB2d6,0x00C5C0B8e0f75aB862CbAaeCfff499dB555FBDD2,0x1d186C560281B8F1AF831957ED5047fD3AB902F9,0x0c77d8d771ab35e2e184e7ce127f19ced31ff8c0
true,945,subtensorevm-testnet,subtensorevm,testnet,1,0,TAO,18,,22974,40377,0x3aCAAf60502791D199a5a5F0B173D78229eBFe32,0x6Ac7bdc07A0583A362F1497252872AE6c0A5F5B8,0x701f3927871EfcEa1235dB722f9E608aE120d243,0x4Cf1B3Fa61465c2c907f82fC488B43223BA0CF93,0x45841dd1ca50265Da7614fC43A361e526c0e6160,0xd682ECF100f6F4284138AA925348633B0611Ae21,0xa229b65cc2191bf60bc24efcda3487d7b5c0c9f0
true,998,hyperliquid-testnet,hyperliquid,testnet,1,0,HYPE,18,,32196,40362,0xf9e1815F151024bDE4B7C10BAC10e8Ba9F6b53E1,0x386A3922470581155c42282801231762E7343802,0x72e34F44Eb09058bdDaf1aeEebDEC062f1844b00,0x8eB4FBFD3342538d4d2dbb7225eC2000ae1a1C50,0x43E505ba192aaC7BABdC1A796c87844171011684,0x012f6eaE2A0Bf5916f48b5F37C62Bcfb7C1ffdA1,0x25e8806a598df0c7f4c24d3e6efcde0d5ca7787d
true,1001,klaytn-baobab,klaytn,testnet,1,0,KLAY,18,klay-token,4256,40150,0x6EDCE65403992e310A62460808c4b910D972f10f,0x0758019941272bF781a7Cb42D223561A2EdAD1D7,0xddF3266fEAa899ACcf805F4379E5137144cb0A7D,0xAe0549FeF1B77d2D187C867Ad9a5432A9e8381C9,0x6bd925aA58325fba65Ea7d4412DDB2E5D2D9427d,0xFc4eA96c3de3Ba60516976390fA4E945a0b8817B,0x0c77d8d771ab35e2e184e7ce127f19ced31ff8c0
true,1075,iota-testnet,iota,testnet,1,0,IOTA,18,,1720,40307,0x6C7Ab2202C98C4227C5c46f1417D81144DA716Ff,0x145C041566B21Bec558B2A37F1a5Ff261aB55998,0x701f3927871EfcEa1235dB722f9E608aE120d243,0x4Cf1B3Fa61465c2c907f82fC488B43223BA0CF93,0xd682ECF100f6F4284138AA925348633B0611Ae21,0xcF1B0F4106B0324F96fEfcC31bA9498caa80701C,0x926984a57b10a3a5c4cfdbac04daaa0309e78932
true,1115,coredao-testnet,coredao,testnet,1,0,CORE,18,coredaoorg,23254,40153,0x6EDCE65403992e310A62460808c4b910D972f10f,0xAe0549FeF1B77d2D187C867Ad9a5432A9e8381C9,0x3Bdb89Df44e50748fAed8cf851eB25bf95f37d19,0xcAdCAc879D0CB4258455160c702670e8299300f3,0xc8361Fac616435eB86B9F6e2faaff38F38B0d68C,0xD1bbdB62826eDdE4934Ff3A4920eB053ac9D5569,0x0c77d8d771ab35e2e184e7ce127f19ced31ff8c0
true,1287,moonbase,moonbeam,testnet,1,0,GLMR,18,moonbeam,6836,40126,0x6EDCE65403992e310A62460808c4b910D972f10f,0xbef132Bc69C87f52D173d093A3F8B5B98842275F,0xd10fe0817Ebb477Bc05Df7d503dE9d022B6B0831,0xf2aC82dBc8b6c08BF8f47db164DA2B12f1299763,0x4CC50568EdC84101097E06bCf736918f637e6aB7,0x5468b60ed00F9b389B5Ba660189862Db058D7dC8,0x0c77d8d771ab35e2e184e7ce127f19ced31ff8c0
true,1300,glue-testnet,glue,testnet,2,0,MATIC,18,polygon-ecosystem-token,28321,40296,0x6EDCE65403992e310A62460808c4b910D972f10f,0x6Ac7bdc07A0583A362F1497252872AE6c0A5F5B8,0x12523de19dc41c91F7d2093E0CFbB76b17012C8d,0x701f3927871EfcEa1235dB722f9E608aE120d243,0x45841dd1ca50265Da7614fC43A361e526c0e6160,0xd682ECF100f6F4284138AA925348633B0611Ae21,0x0c77d8d771ab35e2e184e7ce127f19ced31ff8c0
true,1301,kevnet-testnet,kevnet,testnet,2,1,ETH,18,ethereum,1027,40328,0x145C041566B21Bec558B2A37F1a5Ff261aB55998,0xcF1B0F4106B0324F96fEfcC31bA9498caa80701C,0xe1a12515F9AB2764b887bF60B923Ca494EBbB2d6,0x9A289B849b32FF69A95F8584a03343a33Ff6e5Fd,0x1d186C560281B8F1AF831957ED5047fD3AB902F9,0x53fd4C4fBBd53F6bC58CaE6704b92dB1f360A648,0x6f09f1430c4c204c4b5433abe24c15f342b70699
true,1301,unichain-testnet,unichain,testnet,2,1,ETH,18,ethereum,1027,40333,0xb8815f3f882614048CbE201a67eF9c6F10fe5035,0x7110205FA59d9CfEE406293D0BaE0d6240985Cd3,0x8548b148800BB00C6E4039Aa9C20ebb36a36A600,0x0e6DdC254A6Cd8395D7795D03d4023453AdBBf62,0x72e34F44Eb09058bdDaf1aeEebDEC062f1844b00,0xbEA34F26b6FBA63054e4eD86806adce594A62561,0x5f6d188267cd4b175ad7430ddf3346906177dc69
true,1414,siliconsepolia-testnet,siliconsepolia,testnet,1,0,ETH,18,ethereum,,40406,0x3aCAAf60502791D199a5a5F0B173D78229eBFe32,0x6Ac7bdc07A0583A362F1497252872AE6c0A5F5B8,0x701f3927871EfcEa1235dB722f9E608aE120d243,0x4Cf1B3Fa61465c2c907f82fC488B43223BA0CF93,0x45841dd1ca50265Da7614fC43A361e526c0e6160,0xd682ECF100f6F4284138AA925348633B0611Ae21,0xa229b65cc2191bf60bc24efcda3487d7b5c0c9f0
true,1439,injective1439-testnet,injective1439,testnet,1,0,INJ,18,injective-protocol,7226,40408,0x3aCAAf60502791D199a5a5F0B173D78229eBFe32,0x6Ac7bdc07A0583A362F1497252872AE6c0A5F5B8,0x701f3927871EfcEa1235dB722f9E608aE120d243,0x4Cf1B3Fa61465c2c907f82fC488B43223BA0CF93,0x9eCf72299027e8AeFee5DC5351D6d92294F46d2b,0xB0487596a0B62D1A71D0C33294bd6eB635Fc6B09,0xa229b65cc2191bf60bc24efcda3487d7b5c0c9f0
true,1663,eon-testnet,eon,testnet,2,0,ZEN,18,zencash,1698,40215,,,,,,,
true,1811,lif3-testnet,lif3,testnet,2,0,LIF3,18,lif3,20611,40300,0x6C7Ab2202C98C4227C5c46f1417D81144DA716Ff,0x145C041566B21Bec558B2A37F1a5Ff261aB55998,0x701f3927871EfcEa1235dB722f9E608aE120d243,0x4Cf1B3Fa61465c2c907f82fC488B43223BA0CF93,0xd682ECF100f6F4284138AA925348633B0611Ae21,0xcF1B0F4106B0324F96fEfcC31bA9498caa80701C,0x926984a57b10a3a5c4cfdbac04daaa0309e78932
true,1891,lightlink-testnet,lightlink,testnet,2,0,ETH,18,ethereum,1027,40309,0x6C7Ab2202C98C4227C5c46f1417D81144DA716Ff,0x145C041566B21Bec558B2A37F1a5Ff261aB55998,0x701f3927871EfcEa1235dB722f9E608aE120d243,0x4Cf1B3Fa61465c2c907f82fC488B43223BA0CF93,0xd682ECF100f6F4284138AA925348633B0611Ae21,0xcF1B0F4106B0324F96fEfcC31bA9498caa80701C,0x926984a57b10a3a5c4cfdbac04daaa0309e78932
true,1924,swell-testnet,swell,testnet,2,1,ETH,18,ethereum,1027,40353,0x6C7Ab2202C98C4227C5c46f1417D81144DA716Ff,0x145C041566B21Bec558B2A37F1a5Ff261aB55998,0x9dB9Ca3305B48F196D18082e91cB64663b13d014,0xe1a12515F9AB2764b887bF60B923Ca494EBbB2d6,0xd682ECF100f6F4284138AA925348633B0611Ae21,0xcF1B0F4106B0324F96fEfcC31bA9498caa80701C,0x926984a57b10a3a5c4cfdbac04daaa0309e78932
true,1946,minato-testnet,minato,testnet,2,1,ETH,18,ethereum,1027,40334,0x6Ac7bdc07A0583A362F1497252872AE6c0A5F5B8,0xd682ECF100f6F4284138AA925348633B0611Ae21,0x4Cf1B3Fa61465c2c907f82fC488B43223BA0CF93,0x4dFa426aEAA55E6044d2b47682842460a04aF45c,0x00C5C0B8e0f75aB862CbAaeCfff499dB555FBDD2,0x1d186C560281B8F1AF831957ED5047fD3AB902F9,0xa97f783e717567ab8d0fc72110714f4fa7967373
true,1992,sanko-testnet,sanko,testnet,1,2,DMT,18,,25653,40278,0x6EDCE65403992e310A62460808c4b910D972f10f,0x6Ac7bdc07A0583A362F1497252872AE6c0A5F5B8,0x12523de19dc41c91F7d2093E0CFbB76b17012C8d,0x701f3927871EfcEa1235dB722f9E608aE120d243,0x45841dd1ca50265Da7614fC43A361e526c0e6160,0xd682ECF100f6F4284138AA925348633B0611Ae21,0x0c77d8d771ab35e2e184e7ce127f19ced31ff8c0
true,2037,kiwi-testnet,kiwi,testnet,1,3,SHRAP,18,shrapnel-2,28363,40209,,,,,,,
true,2037,kiwi2-testnet,kiwi2,testnet,1,3,SHRAP,18,shrapnel-2,28363,40241,,,,,,,
true,2038,shrapnel-testnet,shrapnel,testnet,1,3,SHRAP,18,shrapnel-2,28363,40164,,,,,,,
true,2201,stabledevnet-testnet,stabledevnet,testnet,2,0,USDT,18,,825,40361,0x6C7Ab2202C98C4227C5c46f1417D81144DA716Ff,0x145C041566B21Bec558B2A37F1a5Ff261aB55998,0x9dB9Ca3305B48F196D18082e91cB64663b13d014,0xe1a12515F9AB2764b887bF60B923Ca494EBbB2d6,0xd682ECF100f6F4284138AA925348633B0611Ae21,0xcF1B0F4106B0324F96fEfcC31bA9498caa80701C,0x926984a57b10a3a5c4cfdbac04daaa0309e78932
true,2201,stable-testnet,stable,testnet,2,0,USDT,18,,825,40374,0x3aCAAf60502791D199a5a5F0B173D78229eBFe32,0x6Ac7bdc07A0583A362F1497252872AE6c0A5F5B8,0x701f3927871EfcEa1235dB722f9E608aE120d243,0x4Cf1B3Fa61465c2c907f82fC488B43223BA0CF93,0x9eCf72299027e8AeFee5DC5351D6d92294F46d2b,0xB0487596a0B62D1A71D0C33294bd6eB635Fc6B09,0xa229b65cc2191bf60bc24efcda3487d7b5c0c9f0
true,2221,kava-testnet,kava,testnet,1,0,KAVA,18,kava,4846,40172,0x6EDCE65403992e310A62460808c4b910D972f10f,0x8c2Bc80592FC4E89b536f536159A50F25eA99925,0x13EA72039D7f02848CDDd67a2F948dd334cDE70e,0xAF1e8A7Ea4f30E3CBa6Bc2d87eCa1086C16ff8d3,0x4B68C45f6A276485870D56f1699DCf451FEC076F,0x3De74963B7223343ffD168e230fC4e374282d37b,0x0c77d8d771ab35e2e184e7ce127f19ced31ff8c0
true,2391,tacspb-testnet,tacspb,testnet,1,0,TAC,18,,,40404,0x3aCAAf60502791D199a5a5F0B173D78229eBFe32,0x6Ac7bdc07A0583A362F1497252872AE6c0A5F5B8,0x701f3927871EfcEa1235dB722f9E608aE120d243,0x4Cf1B3Fa61465c2c907f82fC488B43223BA0CF93,0x45841dd1ca50265Da7614fC43A361e526c0e6160,0xd682ECF100f6F4284138AA925348633B0611Ae21,0xa229b65cc2191bf60bc24efcda3487d7b5c0c9f0
true,2442,zkpolygon-sepolia,zkpolygonsep,testnet,1,0,ETH,18,ethereum,1027,40247,0x6EDCE65403992e310A62460808c4b910D972f10f,0xa78A78a13074eD93aD447a26Ec57121f29E8feC2,0x9dB9Ca3305B48F196D18082e91cB64663b13d014,0xe1a12515F9AB2764b887bF60B923Ca494EBbB2d6,0x88B27057A9e00c5F05DDa29241027afF63f9e6e0,0xF49d162484290EAeAd7bb8C2c7E3a6f8f52e32d6,0x0c77d8d771ab35e2e184e7ce127f19ced31ff8c0
true,2522,fraxtal-testnet,fraxtal,testnet,2,1,FRAX,18,frax-share,6953,40255,0x6EDCE65403992e310A62460808c4b910D972f10f,0x145C041566B21Bec558B2A37F1a5Ff261aB55998,0x55c175DD5b039331dB251424538169D8495C18d1,0x9dB9Ca3305B48F196D18082e91cB64663b13d014,0xd682ECF100f6F4284138AA925348633B0611Ae21,0xcF1B0F4106B0324F96fEfcC31bA9498caa80701C,0x0c77d8d771ab35e2e184e7ce127f19ced31ff8c0
true,2552,bahamut-testnet,bahamut,testnet,2,0,FTN,18,,22615,40347,0x6C7Ab2202C98C4227C5c46f1417D81144DA716Ff,0x145C041566B21Bec558B2A37F1a5Ff261aB55998,0x9dB9Ca3305B48F196D18082e91cB64663b13d014,0xe1a12515F9AB2764b887bF60B923Ca494EBbB2d6,0xd682ECF100f6F4284138AA925348633B0611Ae21,0xcF1B0F4106B0324F96fEfcC31bA9498caa80701C,0x926984a57b10a3a5c4cfdbac04daaa0309e78932
true,2810,morph-testnet,morph,testnet,2,0,ETH,18,ethereum,1027,40322,0x6C7Ab2202C98C4227C5c46f1417D81144DA716Ff,0x145C041566B21Bec558B2A37F1a5Ff261aB55998,0x701f3927871EfcEa1235dB722f9E608aE120d243,0x4Cf1B3Fa61465c2c907f82fC488B43223BA0CF93,0xd682ECF100f6F4284138AA925348633B0611Ae21,0xcF1B0F4106B0324F96fEfcC31bA9498caa80701C,0x926984a57b10a3a5c4cfdbac04daaa0309e78932
true,3636,botanix-testnet,botanix,testnet,2,0,BTC,18,bitcoin,1,40281,0x6EDCE65403992e310A62460808c4b910D972f10f,0x6Ac7bdc07A0583A362F1497252872AE6c0A5F5B8,0x12523de19dc41c91F7d2093E0CFbB76b17012C8d,0x701f3927871EfcEa1235dB722f9E608aE120d243,0x45841dd1ca50265Da7614fC43A361e526c0e6160,0xd682ECF100f6F4284138AA925348633B0611Ae21,
true,3939,dos-testnet,dos,testnet,1,3,DOS,18,,,40286,0x08416c0eAa8ba93F907eC8D6a9cAb24821C53E64,0x5cbAe69Fdc9CB0AFCC3A6E6dA20760a1471f16B3,0x06f021541521Ae6dcfaeED4EC9A8bF800528E805,0x3Bfd3c601951E1939b4B11c3aF68A48436DF65ee,0xa805000DcA12b38690558785878642BA19Bc4981,0x00D0cd55beAfb96f0A5c37452f56D06DA3765ce8,0x5f670a51065fbcd8cad924ff64b3ad032ce51c58
true,4002,fantom-testnet,fantom,testnet,1,0,FTM,18,fantom,32684,40112,0x6EDCE65403992e310A62460808c4b910D972f10f,0xF62C3D15b455eE8D95e4D16326308CD413B3D9d5,0x0453b4730BB550363F726aD8eeC9441e763F2835,0x31fb3a5fD0B29B77C946e2331d2F301EF7D9d0dB,0x3f41017De79aA979b8f33E2e9518203888458273,0xe4a446690Dfaf438EEA2b06394E1fdd0A9435178,0x0c77d8d771ab35e2e184e7ce127f19ced31ff8c0
true,4202,lisk-testnet,lisk,testnet,2,1,ETH,18,ethereum,1027,40327,0x6C7Ab2202C98C4227C5c46f1417D81144DA716Ff,0x145C041566B21Bec558B2A37F1a5Ff261aB55998,0x701f3927871EfcEa1235dB722f9E608aE120d243,0x4Cf1B3Fa61465c2c907f82fC488B43223BA0CF93,0xd682ECF100f6F4284138AA925348633B0611Ae21,0xcF1B0F4106B0324F96fEfcC31bA9498caa80701C,0x926984a57b10a3a5c4cfdbac04daaa0309e78932
true,4460,orderly-testnet,orderly,testnet,2,1,ETH,18,ethereum,1027,40200,0x6EDCE65403992e310A62460808c4b910D972f10f,0x3DD8c635FBb3f6757F442D6862f67f25D34c8f97,0x1e567E344B2d990D2ECDFa4e14A1c9a1Beb83e96,0x98325A9d9B05FfBd179362a836201E3856AeDDA2,0x8e3Dc55b7A1f7Fe4ce328A1c90dC1B935a30Cc42,0x3013C32e5F45E69ceA9baD4d96786704C2aE148c,0x0c77d8d771ab35e2e184e7ce127f19ced31ff8c0
true,4801,worldcoin-testnet,worldcoin,testnet,2,1,ETH,18,ethereum,1027,40335,0x145C041566B21Bec558B2A37F1a5Ff261aB55998,0xcF1B0F4106B0324F96fEfcC31bA9498caa80701C,0xe1a12515F9AB2764b887bF60B923Ca494EBbB2d6,0x9A289B849b32FF69A95F8584a03343a33Ff6e5Fd,0x1d186C560281B8F1AF831957ED5047fD3AB902F9,0x53fd4C4fBBd53F6bC58CaE6704b92dB1f360A648,0x6f09f1430c4c204c4b5433abe24c15f342b70699
true,5003,mantle-sepolia,mantlesep,testnet,1,1,MNT,18,mantle,27075,40246,0x6EDCE65403992e310A62460808c4b910D972f10f,0xe1a12515F9AB2764b887bF60B923Ca494EBbB2d6,0x8BEEe743829af63F5b37e52D5ef8477eF12511dE,0x340b5E5E90a6D177E7614222081e0f9CDd54f25C,0x9A289B849b32FF69A95F8584a03343a33Ff6e5Fd,0x8A3D588D9f6AC041476b094f97FF94ec30169d3D,0x0c77d8d771ab35e2e184e7ce127f19ced31ff8c0
true,5115,citrea-testnet,citrea,testnet,2,0,CBTC,18,,1,40344,0x6C7Ab2202C98C4227C5c46f1417D81144DA716Ff,0x145C041566B21Bec558B2A37F1a5Ff261aB55998,0x9dB9Ca3305B48F196D18082e91cB64663b13d014,0xe1a12515F9AB2764b887bF60B923Ca494EBbB2d6,0xd682ECF100f6F4284138AA925348633B0611Ae21,0xcF1B0F4106B0324F96fEfcC31bA9498caa80701C,0x926984a57b10a3a5c4cfdbac04daaa0309e78932
true,5611,opbnb-testnet,opbnb,testnet,2,1,BNB,18,binancecoin,1839,40202,0x6EDCE65403992e310A62460808c4b910D972f10f,0x9130D98D47984BF9dc796829618C36CBdA43EBb9,0x0F0843fF71918B8Cb8e480BD8C581373BE3c1f9b,0x6f3a314C1279148E53f51AF154817C3EF2C827B1,0xf514191C4a2D3b9A629fB658702015a5bCd570BC,0x4b21Ad992A05Fb14e08df2cAF8d71A5c28b1f5E9,0x0c77d8d771ab35e2e184e7ce127f19ced31ff8c0
true,6000,bouncebit-testnet,bouncebit,testnet,1,0,BB,18,,30746,40289,0x6EDCE65403992e310A62460808c4b910D972f10f,0x145C041566B21Bec558B2A37F1a5Ff261aB55998,0x55c175DD5b039331dB251424538169D8495C18d1,0x9dB9Ca3305B48F196D18082e91cB64663b13d014,0xd682ECF100f6F4284138AA925348633B0611Ae21,0xcF1B0F4106B0324F96fEfcC31bA9498caa80701C,0x0c77d8d771ab35e2e184e7ce127f19ced31ff8c0
true,6342,megaeth-testnet,megaeth,testnet,1,0,ETH,18,ethereum,1027,40370,0x6C7Ab2202C98C4227C5c46f1417D81144DA716Ff,0x145C041566B21Bec558B2A37F1a5Ff261aB55998,0x9dB9Ca3305B48F196D18082e91cB64663b13d014,0xe1a12515F9AB2764b887bF60B923Ca494EBbB2d6,0xd682ECF100f6F4284138AA925348633B0611Ae21,0xcF1B0F4106B0324F96fEfcC31bA9498caa80701C,0x926984a57b10a3a5c4cfdbac04daaa0309e78932
true,6900,animechain-testnet,animechain,testnet,2,2,ANIME,18,,35319,40372,0x3aCAAf60502791D199a5a5F0B173D78229eBFe32,0x6Ac7bdc07A0583A362F1497252872AE6c0A5F5B8,0x701f3927871EfcEa1235dB722f9E608aE120d243,0x4Cf1B3Fa61465c2c907f82fC488B43223BA0CF93,0x45841dd1ca50265Da7614fC43A361e526c0e6160,0xd682ECF100f6F4284138AA925348633B0611Ae21,0xa229b65cc2191bf60bc24efcda3487d7b5c0c9f0
true,7210,nibiru-testnet,nibiru,testnet,1,0,NIBI,18,,28508,40369,0x19Aa25541F9f1414dcEd4C9bA4225c2a24c77CFe,0xFD2c171C95dafb092f039782545fd5BEc57607BD,0x1567AD0EE3F4818DcA5cC2A76fE13fFC11bfeb10,0xf3057091d82F13f67dF1e6f6464B6263a4612B23,0x3aADdd4ECcbB187017Ff1215Babc4Ee90B97BA23,0x9DAA2CB7756a9D80b4105Dd57AA4ad130b746B76,0x1653130d80bbd93a5c43f25e311a0ee3565984fe
true,7672,root-testnet,root,testnet,2,0,XRP,6,,52,40318,0xbc2a00d907a6Aa5226Fb9444953E4464a5f4844a,0x097C377077B3Fbac21897c81e411510B9Ab66cb1,0xe7292d7797776bCcDF44C78f296Ff26Ddb70F70a,0x988D898a9Acf43f61FDBC72AAD6eB3f0542e19e1,0x6460EE1b9D5bDE8375ca928767Cc63FBFA111A98,0x72eeA17eBbd1aCE0527354b2f7b25c6efC27936d,0xc3337a00f1a0291053f1c6b15717a215a634dd78
true,7701,canto-testnet,canto,testnet,1,0,CANTO,18,canto,21516,40159,0x6EDCE65403992e310A62460808c4b910D972f10f,0x18252d78a6A9aCBa9fec1cbDfD2Cf5f2c37A426F,0xcA01DAa8e559Cb6a810ce7906eC2AeA39BDeccE4,0x35Bf885a8E60048b46260f30B4F9b1DF7709F5d7,0x5Bb7F2FFF085f0066430Be92541Db302B9F1e6Af,0x5c68f65B7156cdDC79C1C6f32b3073eB8BBe6e58,0x0c77d8d771ab35e2e184e7ce127f19ced31ff8c0
true,9000,ondo-testnet,ondo,testnet,1,0,ONDO,18,,21159,40375,0x3aCAAf60502791D199a5a5F0B173D78229eBFe32,0x6Ac7bdc07A0583A362F1497252872AE6c0A5F5B8,0x701f3927871EfcEa1235dB722f9E608aE120d243,0x4Cf1B3Fa61465c2c907f82fC488B43223BA0CF93,0x45841dd1ca50265Da7614fC43A361e526c0e6160,0xd682ECF100f6F4284138AA925348633B0611Ae21,0xa229b65cc2191bf60bc24efcda3487d7b5c0c9f0
true,9070,apexfusionnexus-testnet,apexfusionnexus,testnet,1,0,AP3X,18,,35955,40355,0xb23b28012ee92E8dE39DEb57Af31722223034747,0x45841dd1ca50265Da7614fC43A361e526c0e6160,0x4Cf1B3Fa61465c2c907f82fC488B43223BA0CF93,0x4dFa426aEAA55E6044d2b47682842460a04aF45c,0xcF1B0F4106B0324F96fEfcC31bA9498caa80701C,0x00C5C0B8e0f75aB862CbAaeCfff499dB555FBDD2,0xd69769251c2de60f0c44f4c2dbfdae9d1897e4c4
true,9746,plasma2-testnet,plasma2,testnet,1,0,XPL,18,,36645,40411,0x3aCAAf60502791D199a5a5F0B173D78229eBFe32,0x6Ac7bdc07A0583A362F1497252872AE6c0A5F5B8,0x701f3927871EfcEa1235dB722f9E608aE120d243,0x4Cf1B3Fa61465c2c907f82fC488B43223BA0CF93,0x45841dd1ca50265Da7614fC43A361e526c0e6160,0xd682ECF100f6F4284138AA925348633B0611Ae21,0xa229b65cc2191bf60bc24efcda3487d7b5c0c9f0
true,9746,plasma-testnet,plasma,testnet,1,0,XPL,18,,36645,40409,0x3aCAAf60502791D199a5a5F0B173D78229eBFe32,0x6Ac7bdc07A0583A362F1497252872AE6c0A5F5B8,0x701f3927871EfcEa1235dB722f9E608aE120d243,0x4Cf1B3Fa61465c2c907f82fC488B43223BA0CF93,0x45841dd1ca50265Da7614fC43A361e526c0e6160,0xd682ECF100f6F4284138AA925348633B0611Ae21,0xa229b65cc2191bf60bc24efcda3487d7b5c0c9f0
true,10081,joc-testnet,joc,testnet,1,0,JOC,18,japan-open-chain,,40242,0x6EDCE65403992e310A62460808c4b910D972f10f,0x1d186C560281B8F1AF831957ED5047fD3AB902F9,0x4dFa426aEAA55E6044d2b47682842460a04aF45c,0x8A3D588D9f6AC041476b094f97FF94ec30169d3D,0x9eCf72299027e8AeFee5DC5351D6d92294F46d2b,0xB0487596a0B62D1A71D0C33294bd6eB635Fc6B09,0x0c77d8d771ab35e2e184e7ce127f19ced31ff8c0
true,10143,monad-testnet,monad,testnet,1,0,MATIC,18,polygon-ecosystem-token,28321,40204,0x6C7Ab2202C98C4227C5c46f1417D81144DA716Ff,0x145C041566B21Bec558B2A37F1a5Ff261aB55998,0x9dB9Ca3305B48F196D18082e91cB64663b13d014,0xe1a12515F9AB2764b887bF60B923Ca494EBbB2d6,0xd682ECF100f6F4284138AA925348633B0611Ae21,0xcF1B0F4106B0324F96fEfcC31bA9498caa80701C,0x926984a57b10a3a5c4cfdbac04daaa0309e78932
true,10200,chiado,gnosis,testnet,1,0,DAI,18,dai,4943,40145,0x6EDCE65403992e310A62460808c4b910D972f10f,0xEA883534D2d1fE35a993a38c14B037fe4aD07DeF,0xe3826C822a53a736cC4d8f6FD884a6E3A461d29F,0x410612e1721396A3D03bE613b2FE7c31fa6fefb7,0xddF3266fEAa899ACcf805F4379E5137144cb0A7D,0xC22825d9982365d31E63CC3b5589B17067e795b1,0x0c77d8d771ab35e2e184e7ce127f19ced31ff8c0
true,10888,gameswift-testnet,gameswift,testnet,2,1,tGS,18,,27445,40339,0x6Ac7bdc07A0583A362F1497252872AE6c0A5F5B8,0xd682ECF100f6F4284138AA925348633B0611Ae21,0x8dF53a660a00C3D977d7E778fB7385ECf4482D16,0xec28645346D781674B4272706D8a938dB2BAA2C6,0xB0487596a0B62D1A71D0C33294bd6eB635Fc6B09,0x073f5b4FdF17BBC16b0980d49f6C56123477bb51,0xa97f783e717567ab8d0fc72110714f4fa7967373
true,11124,abstract-testnet,abstract,testnet,2,0,ETH,18,ethereum,1027,40313,0x16c693A3924B947298F7227792953Cd6BBb21Ac8,0xC9968d69bfaFCFC1a768B2e97D4020386A5e15b2,0x5c123dB6f87CC0d7e320C5CC9EaAfD336B5f6eF3,0x319E7722F23aADc482e12DB036c7eD6c9377e61B,0xF636882f80cb5039D80F08cDEee1b166D700091b,0x2443297aEd720EACED2feD76d1C6044471382EA2,0x7224ff87e2ee26a56d6be7534e16621828e0e2b5
true,11503,bevm-testnet,bevm,testnet,2,0,BTC,18,bitcoin,1,40324,0x6C7Ab2202C98C4227C5c46f1417D81144DA716Ff,0x145C041566B21Bec558B2A37F1a5Ff261aB55998,0x701f3927871EfcEa1235dB722f9E608aE120d243,0x4Cf1B3Fa61465c2c907f82fC488B43223BA0CF93,0xd682ECF100f6F4284138AA925348633B0611Ae21,0xcF1B0F4106B0324F96fEfcC31bA9498caa80701C,0x926984a57b10a3a5c4cfdbac04daaa0309e78932
true,13337,beam-testnet,meritcircle,testnet,1,3,BEAM,18,beam-2,28298,40178,0x6EDCE65403992e310A62460808c4b910D972f10f,0x0F0843fF71918B8Cb8e480BD8C581373BE3c1f9b,0xA60A7a9D9723d6Adda826f5bDae29c6038B68DD3,0x4d2a0Ffc93146a086b586C2C88135d9687508cd5,0x6f3a314C1279148E53f51AF154817C3EF2C827B1,0x0F7De6155DDC16A96c0d110A488bc966Aad3991b,0x0c77d8d771ab35e2e184e7ce127f19ced31ff8c0
true,14800,moksha-testnet,moksha,testnet,2,0,VANA,18,,34619,40342,0x6C7Ab2202C98C4227C5c46f1417D81144DA716Ff,0x145C041566B21Bec558B2A37F1a5Ff261aB55998,0x8dF53a660a00C3D977d7E778fB7385ECf4482D16,0xec28645346D781674B4272706D8a938dB2BAA2C6,0x53fd4C4fBBd53F6bC58CaE6704b92dB1f360A648,0x9eCf72299027e8AeFee5DC5351D6d92294F46d2b,0x926984a57b10a3a5c4cfdbac04daaa0309e78932
true,17000,holesky-testnet,holesky,testnet,1,0,ETH,18,ethereum,1027,40217,0x6EDCE65403992e310A62460808c4b910D972f10f,0x87FE14Af115F3b14F7d91Be426C0213a24AE9498,0xBc0C24E6f24eC2F1fd7E859B8322A1277F80aaD5,0x9D3C36226c8a32D9F7AAC9CecB3d904529486d12,0x21F33EcF7F65D61f77e554B4B4380829908cD076,0xbAe52D605770aD2f0D17533ce56D146c7C964A0d,0x0c77d8d771ab35e2e184e7ce127f19ced31ff8c0
true,18233,unreal-testnet,unreal,testnet,2,2,ETH,18,ethereum,1027,40262,0x6EDCE65403992e310A62460808c4b910D972f10f,0x145C041566B21Bec558B2A37F1a5Ff261aB55998,0x55c175DD5b039331dB251424538169D8495C18d1,0x9dB9Ca3305B48F196D18082e91cB64663b13d014,0xd682ECF100f6F4284138AA925348633B0611Ae21,0xcF1B0F4106B0324F96fEfcC31bA9498caa80701C,0x0c77d8d771ab35e2e184e7ce127f19ced31ff8c0
true,33111,curtis-testnet,curtis,testnet,2,2,APE,18,,18876,40306,0x6C7Ab2202C98C4227C5c46f1417D81144DA716Ff,0x145C041566B21Bec558B2A37F1a5Ff261aB55998,0x701f3927871EfcEa1235dB722f9E608aE120d243,0x4Cf1B3Fa61465c2c907f82fC488B43223BA0CF93,0xd682ECF100f6F4284138AA925348633B0611Ae21,0xcF1B0F4106B0324F96fEfcC31bA9498caa80701C,0x926984a57b10a3a5c4cfdbac04daaa0309e78932
true,37111,lens-testnet,lens,testnet,2,0,GHO,18,,23508,40373,0x00B7b8ebA1c60183B0D2a10Fc3552902e8DD4f5f,0xf1A4f4FA1643ACf9f867b635A6d66a1990A3C217,0x5dFcab27C1eEC1eB07FF987846013f19355a04cB,0x89d84D8906E88EEEA14172e2CF6633909651CB39,0x5f04B588B9408d8d5F4ac250e8c71986683C35A5,0x16c693A3924B947298F7227792953Cd6BBb21Ac8,0x6963f2a5526fe79241fbf181cd0ebd60484f092c
true,40875,homeverse-testnet,homeverse,testnet,1,0,OAS,18,oasys,22265,40265,0x6EDCE65403992e310A62460808c4b910D972f10f,0x6Ac7bdc07A0583A362F1497252872AE6c0A5F5B8,0x12523de19dc41c91F7d2093E0CFbB76b17012C8d,0x701f3927871EfcEa1235dB722f9E608aE120d243,0x45841dd1ca50265Da7614fC43A361e526c0e6160,0xd682ECF100f6F4284138AA925348633B0611Ae21,0x0c77d8d771ab35e2e184e7ce127f19ced31ff8c0
true,43113,fuji,avalanche,testnet,1,0,AVAX,18,avalanche-2,5805,40106,0x6EDCE65403992e310A62460808c4b910D972f10f,0x31fFd858c7826817F830C3dF2bb2A74126d51126,0xa7BFA9D51032F82D649A501B6a1f922FC2f7d4e3,0x1356D9201036A216836925803512649d6BB2395e,0x69BF5f48d2072DfeBc670A1D19dff91D0F4E8170,0x819F0FAF2cb1Fba15b9cB24c9A2BDaDb0f895daf,0x0c77d8d771ab35e2e184e7ce127f19ced31ff8c0
true,43521,memecoreformicarium-testnet,memecoreformicarium,testnet,1,0,M,18,,28321,40354,0x145C041566B21Bec558B2A37F1a5Ff261aB55998,0xcF1B0F4106B0324F96fEfcC31bA9498caa80701C,0x701f3927871EfcEa1235dB722f9E608aE120d243,0x9A289B849b32FF69A95F8584a03343a33Ff6e5Fd,0x12523de19dc41c91F7d2093E0CFbB76b17012C8d,0x9dB9Ca3305B48F196D18082e91cB64663b13d014,0x6f09f1430c4c204c4b5433abe24c15f342b70699
true,44787,alfajores,celo,testnet,1,0,CELO,18,celo,5567,40125,0x6EDCE65403992e310A62460808c4b910D972f10f,0x92a0c779Df6EE9ebfAFC4eD87c0682a9A7eB2828,0x5468b60ed00F9b389B5Ba660189862Db058D7dC8,0x2665a6f509B2D1D30879fECC180Fc70B111cC8EA,0x00432463F40E100F6A99fA2E60B09F0182D828DE,0xdb5A808eF72Aa3224D9fA6c15B717E8029B89a4f,0x0c77d8d771ab35e2e184e7ce127f19ced31ff8c0
true,48795,otherworld-testnet,otherworld,testnet,1,3,FUEL,18,,3408,40337,0xBa8dF7424dAE9C2CDB4BC1aD2b63ABD97194fDb6,0x30cdC72034b4E47cC9A09E491968210Bab05BaeB,0xfa91bFC0BF66fA4AA4340e6fb920485d4f2c153D,0x7110205FA59d9CfEE406293D0BaE0d6240985Cd3,0x012f6eaE2A0Bf5916f48b5F37C62Bcfb7C1ffdA1,0x4aEFf6244dce72a2C71A3c2a75d35b2C396d7C5d,0x1cb71fa146e1ff13fbebd1e4394d57211c931b67
true,48816,goat-testnet,goat,testnet,1,0,BTC,18,bitcoin,1,40356,0x6C7Ab2202C98C4227C5c46f1417D81144DA716Ff,0x145C041566B21Bec558B2A37F1a5Ff261aB55998,0x9dB9Ca3305B48F196D18082e91cB64663b13d014,0xe1a12515F9AB2764b887bF60B923Ca494EBbB2d6,0xd682ECF100f6F4284138AA925348633B0611Ae21,0xcF1B0F4106B0324F96fEfcC31bA9498caa80701C,0x926984a57b10a3a5c4cfdbac04daaa0309e78932
true,48899,zircuit-testnet,zircuit,testnet,1,0,ETH,18,ethereum,1027,40275,0x6EDCE65403992e310A62460808c4b910D972f10f,0x6Ac7bdc07A0583A362F1497252872AE6c0A5F5B8,0x12523de19dc41c91F7d2093E0CFbB76b17012C8d,0x701f3927871EfcEa1235dB722f9E608aE120d243,0x45841dd1ca50265Da7614fC43A361e526c0e6160,0xd682ECF100f6F4284138AA925348633B0611Ae21,0x0c77d8d771ab35e2e184e7ce127f19ced31ff8c0
true,49321,gunzilla-testnet,gunzilla,testnet,1,3,AVAX,18,avalanche-2,5805,40236,0x6EDCE65403992e310A62460808c4b910D972f10f,0xE125CB67881E0eEddfB01E5F96659138eBe3a15E,0x955412C07d9bC1027eb4d481621ee063bFd9f4C6,0x4C5302179f37DFBadC61CA7C3DE5FF489667C173,0x82b7dc04A4ABCF2b4aE570F317dcab49f5a10f24,0x306202702AF38152D3604cD82af71C3db0eE08CF,0x0c77d8d771ab35e2e184e7ce127f19ced31ff8c0
true,50312,somniashannon-testnet,somniashannon,testnet,1,0,STT,18,,,40405,0x75B3bDfB2b31728104711f52a5DF9f6319128c5d,0xAcC2c25941F4a2e6aF7d79a74889b851E515E9b6,0x0406793028088E3944cC828953a7BFF2a60e5D84,0x9424763EB5ab44be20B7F5D96072415C2CD5De14,0xeD0480d5EF6e1fCA85Ff715154329Da30f2fEA96,0x91ec94dd5E949BdB2ecE3b91B9602EC5F7F59FFD,0xadb7228fe2ded73d11f1addf27f58e2d5d69d762
true,50312,somnia-testnet,somnia,testnet,1,0,STT,18,,28321,40376,0x3aCAAf60502791D199a5a5F0B173D78229eBFe32,0x6Ac7bdc07A0583A362F1497252872AE6c0A5F5B8,0x701f3927871EfcEa1235dB722f9E608aE120d243,0x4Cf1B3Fa61465c2c907f82fC488B43223BA0CF93,0x45841dd1ca50265Da7614fC43A361e526c0e6160,0xd682ECF100f6F4284138AA925348633B0611Ae21,0xa229b65cc2191bf60bc24efcda3487d7b5c0c9f0
true,57054,sonic-testnet,sonic,testnet,1,0,S,18,,32684,40349,0x6C7Ab2202C98C4227C5c46f1417D81144DA716Ff,0x145C041566B21Bec558B2A37F1a5Ff261aB55998,0x9dB9Ca3305B48F196D18082e91cB64663b13d014,0xe1a12515F9AB2764b887bF60B923Ca494EBbB2d6,0xd682ECF100f6F4284138AA925348633B0611Ae21,0xcF1B0F4106B0324F96fEfcC31bA9498caa80701C,0x926984a57b10a3a5c4cfdbac04daaa0309e78932
true,59141,lineasep-testnet,lineasep,testnet,2,0,ETH,18,ethereum,1027,40287,0x6EDCE65403992e310A62460808c4b910D972f10f,0x00C5C0B8e0f75aB862CbAaeCfff499dB555FBDD2,0xe1a12515F9AB2764b887bF60B923Ca494EBbB2d6,0x9A289B849b32FF69A95F8584a03343a33Ff6e5Fd,0x53fd4C4fBBd53F6bC58CaE6704b92dB1f360A648,0x9eCf72299027e8AeFee5DC5351D6d92294F46d2b,0x0c77d8d771ab35e2e184e7ce127f19ced31ff8c0
true,59902,metissep-testnet,metissep,testnet,2,1,METIS,18,metis-token,9640,40292,0x6EDCE65403992e310A62460808c4b910D972f10f,0xd682ECF100f6F4284138AA925348633B0611Ae21,0x9dB9Ca3305B48F196D18082e91cB64663b13d014,0xe1a12515F9AB2764b887bF60B923Ca494EBbB2d6,0x00C5C0B8e0f75aB862CbAaeCfff499dB555FBDD2,0x1d186C560281B8F1AF831957ED5047fD3AB902F9,0x0c77d8d771ab35e2e184e7ce127f19ced31ff8c0
true,64002,xchain-testnet,xchain,testnet,1,2,ETH,18,ethereum,1027,40282,0x6EDCE65403992e310A62460808c4b910D972f10f,0x6Ac7bdc07A0583A362F1497252872AE6c0A5F5B8,0x12523de19dc41c91F7d2093E0CFbB76b17012C8d,0x701f3927871EfcEa1235dB722f9E608aE120d243,0x45841dd1ca50265Da7614fC43A361e526c0e6160,0xd682ECF100f6F4284138AA925348633B0611Ae21,0x0c77d8d771ab35e2e184e7ce127f19ced31ff8c0
true,80002,amoy-testnet,amoy,testnet,1,0,MATIC,18,polygon-ecosystem-token,28321,40267,0x6EDCE65403992e310A62460808c4b910D972f10f,0xcF1B0F4106B0324F96fEfcC31bA9498caa80701C,0x4Cf1B3Fa61465c2c907f82fC488B43223BA0CF93,0x4dFa426aEAA55E6044d2b47682842460a04aF45c,0x1d186C560281B8F1AF831957ED5047fD3AB902F9,0x53fd4C4fBBd53F6bC58CaE6704b92dB1f360A648,0x0c77d8d771ab35e2e184e7ce127f19ced31ff8c0
true,80069,bepolia-testnet,bepolia,testnet,1,0,BERA,18,,24647,40371,0x6C7Ab2202C98C4227C5c46f1417D81144DA716Ff,0x145C041566B21Bec558B2A37F1a5Ff261aB55998,0x9dB9Ca3305B48F196D18082e91cB64663b13d014,0xe1a12515F9AB2764b887bF60B923Ca494EBbB2d6,0xd682ECF100f6F4284138AA925348633B0611Ae21,0xcF1B0F4106B0324F96fEfcC31bA9498caa80701C,0x926984a57b10a3a5c4cfdbac04daaa0309e78932
true,84532,base-sepolia,basesep,testnet,1,0,ETH,18,ethereum,1027,40245,0x6EDCE65403992e310A62460808c4b910D972f10f,0xF49d162484290EAeAd7bb8C2c7E3a6f8f52e32d6,0x8A3D588D9f6AC041476b094f97FF94ec30169d3D,0xD8C74c92a59c2b5b6390eD54f13193C59249e561,0xC1868e054425D378095A003EcbA3823a5D0135C9,0x12523de19dc41c91F7d2093E0CFbB76b17012C8d,0x0c77d8d771ab35e2e184e7ce127f19ced31ff8c0
true,98985,superposition-testnet,superposition,testnet,3,2,ETH,18,ethereum,1027,40336,0x6C7Ab2202C98C4227C5c46f1417D81144DA716Ff,0x145C041566B21Bec558B2A37F1a5Ff261aB55998,0x701f3927871EfcEa1235dB722f9E608aE120d243,0x4Cf1B3Fa61465c2c907f82fC488B43223BA0CF93,0xd682ECF100f6F4284138AA925348633B0611Ae21,0xcF1B0F4106B0324F96fEfcC31bA9498caa80701C,0x926984a57b10a3a5c4cfdbac04daaa0309e78932
true,128123,etherlink-testnet,etherlink,testnet,2,0,XTZ,18,tezos,2011,40239,0xec28645346D781674B4272706D8a938dB2BAA2C6,0x72b65B2E699E3B5d664EF776C068236B6b8004d6,0x417cb9E12cfe7301c8b6ef8f63ffac55263e147C,0xFEe867ed545F26621Dc701e6164e02Ead9c6B081,0xE62d066e71fcA410eD48ad2f2A5A860443C04035,0x2072a32Df77bAE5713853d666f26bA5e47E54717,0xb5a6567364189010e432c457d5332edae0bb5730
true,129399,katana-testnet,katana,testnet,2,0,ETH,18,ethereum,1027,40403,0x3aCAAf60502791D199a5a5F0B173D78229eBFe32,0x6Ac7bdc07A0583A362F1497252872AE6c0A5F5B8,0x701f3927871EfcEa1235dB722f9E608aE120d243,0x4Cf1B3Fa61465c2c907f82fC488B43223BA0CF93,0x45841dd1ca50265Da7614fC43A361e526c0e6160,0xd682ECF100f6F4284138AA925348633B0611Ae21,0xa229b65cc2191bf60bc24efcda3487d7b5c0c9f0
true,161201,openledger-testnet,openledger,testnet,2,1,MATIC,18,,28321,40413,0x3aCAAf60502791D199a5a5F0B173D78229eBFe32,0x6Ac7bdc07A0583A362F1497252872AE6c0A5F5B8,0x701f3927871EfcEa1235dB722f9E608aE120d243,0x4Cf1B3Fa61465c2c907f82fC488B43223BA0CF93,0x45841dd1ca50265Da7614fC43A361e526c0e6160,0xd682ECF100f6F4284138AA925348633B0611Ae21,0xa229b65cc2191bf60bc24efcda3487d7b5c0c9f0
true,167009,taiko-testnet,taiko,testnet,1,0,ETH,18,ethereum,1027,40274,0x6EDCE65403992e310A62460808c4b910D972f10f,0x6Ac7bdc07A0583A362F1497252872AE6c0A5F5B8,0x12523de19dc41c91F7d2093E0CFbB76b17012C8d,0x701f3927871EfcEa1235dB722f9E608aE120d243,0x45841dd1ca50265Da7614fC43A361e526c0e6160,0xd682ECF100f6F4284138AA925348633B0611Ae21,0x0c77d8d771ab35e2e184e7ce127f19ced31ff8c0
true,179205,dinari-testnet,dinari,testnet,1,3,DGAS,18,,1027,40412,0x145C041566B21Bec558B2A37F1a5Ff261aB55998,0xcF1B0F4106B0324F96fEfcC31bA9498caa80701C,0x4dFa426aEAA55E6044d2b47682842460a04aF45c,0x8A3D588D9f6AC041476b094f97FF94ec30169d3D,0x1d186C560281B8F1AF831957ED5047fD3AB902F9,0x53fd4C4fBBd53F6bC58CaE6704b92dB1f360A648,0x6f09f1430c4c204c4b5433abe24c15f342b70699
true,200810,bitlayer-testnet,bitlayer,testnet,1,0,BTC,18,bitcoin,1,40320,0x6C7Ab2202C98C4227C5c46f1417D81144DA716Ff,0x145C041566B21Bec558B2A37F1a5Ff261aB55998,0x701f3927871EfcEa1235dB722f9E608aE120d243,0x4Cf1B3Fa61465c2c907f82fC488B43223BA0CF93,0xd682ECF100f6F4284138AA925348633B0611Ae21,0xcF1B0F4106B0324F96fEfcC31bA9498caa80701C,0x926984a57b10a3a5c4cfdbac04daaa0309e78932
true,325000,camp-testnet,camp,testnet,1,1,CAMP,18,,,40295,0x6EDCE65403992e310A62460808c4b910D972f10f,0x6Ac7bdc07A0583A362F1497252872AE6c0A5F5B8,0x12523de19dc41c91F7d2093E0CFbB76b17012C8d,0x701f3927871EfcEa1235dB722f9E608aE120d243,0x45841dd1ca50265Da7614fC43A361e526c0e6160,0xd682ECF100f6F4284138AA925348633B0611Ae21,0x0c77d8d771ab35e2e184e7ce127f19ced31ff8c0
true,421614,arbitrum-sepolia,arbsep,testnet,1,2,ETH,18,ethereum,1027,40231,0x6EDCE65403992e310A62460808c4b910D972f10f,0x91282bEf7b549732c6acE92778167E952F864A5e,0x5Df3a1cEbBD9c8BA7F8dF51Fd632A9aef8308897,0x569AA8BdAc7aa67837749bdBdb74Ad9ee4B073Bf,0x4f7cd4DA19ABB31b0eC98b9066B9e857B1bf9C0E,0x75Db67CDab2824970131D5aa9CECfC9F69c69636,0x0c77d8d771ab35e2e184e7ce127f19ced31ff8c0
true,432201,dexalot-testnet,dexalot,testnet,1,3,ALOT,18,dexalot,18732,40118,0x72884B17f92a863fD056Ec3695Bd3484D601f39a,0x8c2Bc80592FC4E89b536f536159A50F25eA99925,0x13EA72039D7f02848CDDd67a2F948dd334cDE70e,0xAF1e8A7Ea4f30E3CBa6Bc2d87eCa1086C16ff8d3,0x4B68C45f6A276485870D56f1699DCf451FEC076F,0x3De74963B7223343ffD168e230fC4e374282d37b,0xcda3dcef65eb98db22be03f9d84ce747bc120bd1
true,534351,scroll-testnet,scroll,testnet,2,0,ETH,18,ethereum,1027,40170,0x6EDCE65403992e310A62460808c4b910D972f10f,0x671dab1D21Ff24c39cbC833480Fb37b3AdADA533,0xD0D47C34937DdbeBBe698267a6BbB1dacE51198D,0x9cB9e6AC360e585BC5d0bFe38f3Fd344d44FDc83,0x21f1C2B131557c3AebA918D590815c47Dc4F20aa,0xf2dB23f9eA1311E9ED44E742dbc4268de4dB0a88,0x0c77d8d771ab35e2e184e7ce127f19ced31ff8c0
true,656476,opencampus-testnet,opencampus,testnet,2,2,EDU,18,,24613,40297,0x6C7Ab2202C98C4227C5c46f1417D81144DA716Ff,0x145C041566B21Bec558B2A37F1a5Ff261aB55998,0x701f3927871EfcEa1235dB722f9E608aE120d243,0x4Cf1B3Fa61465c2c907f82fC488B43223BA0CF93,0xd682ECF100f6F4284138AA925348633B0611Ae21,0xcF1B0F4106B0324F96fEfcC31bA9498caa80701C,0x926984a57b10a3a5c4cfdbac04daaa0309e78932
true,657468,ethereal-testnet,ethereal,testnet,1,2,USDe,18,,1027,40407,0x3aCAAf60502791D199a5a5F0B173D78229eBFe32,0x6Ac7bdc07A0583A362F1497252872AE6c0A5F5B8,0x701f3927871EfcEa1235dB722f9E608aE120d243,0x4Cf1B3Fa61465c2c907f82fC488B43223BA0CF93,0x45841dd1ca50265Da7614fC43A361e526c0e6160,0xd682ECF100f6F4284138AA925348633B0611Ae21,0xa229b65cc2191bf60bc24efcda3487d7b5c0c9f0
true,686868,merlin-testnet,merlin,testnet,2,0,BTC,18,bitcoin,1,40264,0x6EDCE65403992e310A62460808c4b910D972f10f,0x145C041566B21Bec558B2A37F1a5Ff261aB55998,0x55c175DD5b039331dB251424538169D8495C18d1,0x9dB9Ca3305B48F196D18082e91cB64663b13d014,0xd682ECF100f6F4284138AA925348633B0611Ae21,0xcF1B0F4106B0324F96fEfcC31bA9498caa80701C,0x0c77d8d771ab35e2e184e7ce127f19ced31ff8c0
true,713715,sei-testnet,sei,testnet,1,0,SEI,18,sei-network,23149,40258,0x6EDCE65403992e310A62460808c4b910D972f10f,0x145C041566B21Bec558B2A37F1a5Ff261aB55998,0x55c175DD5b039331dB251424538169D8495C18d1,0x9dB9Ca3305B48F196D18082e91cB64663b13d014,0xd682ECF100f6F4284138AA925348633B0611Ae21,0xcF1B0F4106B0324F96fEfcC31bA9498caa80701C,0x0c77d8d771ab35e2e184e7ce127f19ced31ff8c0
true,743111,hemi-testnet,hemi,testnet,2,1,ETH,18,ethereum,1027,40338,0x6C7Ab2202C98C4227C5c46f1417D81144DA716Ff,0x145C041566B21Bec558B2A37F1a5Ff261aB55998,0x701f3927871EfcEa1235dB722f9E608aE120d243,0x4Cf1B3Fa61465c2c907f82fC488B43223BA0CF93,0xd682ECF100f6F4284138AA925348633B0611Ae21,0xcF1B0F4106B0324F96fEfcC31bA9498caa80701C,0x926984a57b10a3a5c4cfdbac04daaa0309e78932
true,763373,ink-testnet,ink,testnet,2,1,ETH,18,ethereum,1027,40358,0x6C7Ab2202C98C4227C5c46f1417D81144DA716Ff,0x145C041566B21Bec558B2A37F1a5Ff261aB55998,0x9dB9Ca3305B48F196D18082e91cB64663b13d014,0xe1a12515F9AB2764b887bF60B923Ca494EBbB2d6,0xd682ECF100f6F4284138AA925348633B0611Ae21,0xcF1B0F4106B0324F96fEfcC31bA9498caa80701C,0x926984a57b10a3a5c4cfdbac04daaa0309e78932
true,810181,zklink-testnet,zklink,testnet,3,0,ETH,18,ethereum,1027,40283,0xF3e37ca248Ff739b8d0BebCcEAe1eeB199223dba,0x00B7b8ebA1c60183B0D2a10Fc3552902e8DD4f5f,0x0Cc6F5414996678Aa4763c3Bc66058B47813fa85,0xE18A1F5942b31F075B00B5F5E944F384B15abF83,0xf1A4f4FA1643ACf9f867b635A6d66a1990A3C217,0x0e2c52BC2e119b1919e68f4F1874D4d30F6eF9fB,0x110f15766b4e6266b550a041ad5c7ec918adbe4a
true,978658,treasure-testnet,treasure,testnet,2,2,MAGIC,18,,14783,40348,0x9EC2DB700a3c3D35888acCa134F3f860B4a0b41a,0xC29f0C76E85723ecFbF50D6cbE1ABEac451D0661,0xe2Ef622A13e71D9Dd2BBd12cd4b27e1516FA8a09,0x2DCC8cFb612fDbC0Fb657eA1B51A6F77b8b86448,0x0e2c52BC2e119b1919e68f4F1874D4d30F6eF9fB,0x5f04B588B9408d8d5F4ac250e8c71986683C35A5,0x25aa15242c9d94526f2844e7c03c5a40e8a79256
true,996353,bl6-testnet,bl6,testnet,2,1,M,18,,1027,40357,0x6C7Ab2202C98C4227C5c46f1417D81144DA716Ff,0x145C041566B21Bec558B2A37F1a5Ff261aB55998,0x9dB9Ca3305B48F196D18082e91cB64663b13d014,0xe1a12515F9AB2764b887bF60B923Ca494EBbB2d6,0xd682ECF100f6F4284138AA925348633B0611Ae21,0xcF1B0F4106B0324F96fEfcC31bA9498caa80701C,0x926984a57b10a3a5c4cfdbac04daaa0309e78932
true,3441006,mantasep-testnet,mantasep,testnet,1,0,ETH,18,ethereum,1027,40272,0x6EDCE65403992e310A62460808c4b910D972f10f,0x145C041566B21Bec558B2A37F1a5Ff261aB55998,0x55c175DD5b039331dB251424538169D8495C18d1,0x9dB9Ca3305B48F196D18082e91cB64663b13d014,0xd682ECF100f6F4284138AA925348633B0611Ae21,0xcF1B0F4106B0324F96fEfcC31bA9498caa80701C,0x0c77d8d771ab35e2e184e7ce127f19ced31ff8c0
true,7080969,humanity-testnet,humanity,testnet,2,2,H,18,,36922,40410,0x3aCAAf60502791D199a5a5F0B173D78229eBFe32,0x6Ac7bdc07A0583A362F1497252872AE6c0A5F5B8,0x701f3927871EfcEa1235dB722f9E608aE120d243,0x4Cf1B3Fa61465c2c907f82fC488B43223BA0CF93,0x45841dd1ca50265Da7614fC43A361e526c0e6160,0xd682ECF100f6F4284138AA925348633B0611Ae21,0xa229b65cc2191bf60bc24efcda3487d7b5c0c9f0
true,8101902,olive-testnet,olive,testnet,1,2,MATIC,18,polygon-ecosystem-token,28321,40277,0x6EDCE65403992e310A62460808c4b910D972f10f,0x6Ac7bdc07A0583A362F1497252872AE6c0A5F5B8,0x12523de19dc41c91F7d2093E0CFbB76b17012C8d,0x701f3927871EfcEa1235dB722f9E608aE120d243,0x45841dd1ca50265Da7614fC43A361e526c0e6160,0xd682ECF100f6F4284138AA925348633B0611Ae21,0x0c77d8d771ab35e2e184e7ce127f19ced31ff8c0
true,11155111,sepolia,sepolia,testnet,1,0,SETH,18,ethereum,,40161,0x6EDCE65403992e310A62460808c4b910D972f10f,0x982Ca8b3532236C5e77Ff215791dD454e07E21F7,0x718B92b5CB0a5552039B593faF724D182A881eDA,0x34a561197e4eAe356D41B0B02C59F12a5C576C5A,0xcc1ae8Cf5D3904Cef3360A9532B477529b177cCE,0xdAf00F5eE2158dD58E0d3857851c432E34A3A851,0x0c77d8d771ab35e2e184e7ce127f19ced31ff8c0
true,11155111,sepolia,sepolia,testnet,1,0,SETH,18,ethereum,,30161,,,,,,,
true,11155420,optimism-sepolia,optsep,testnet,1,1,ETH,18,ethereum,1027,40232,0x6EDCE65403992e310A62460808c4b910D972f10f,0x1e5432719b432738aDeb8F8C5bb6d118e09E768d,0xDc0D68899405673b932F0DB7f8A49191491A5bcB,0x89e0599C9EA2F36d255e9B500486DC406457E3De,0xB31D2cb502E25B30C651842C7C3293c51Fe6d16f,0x9284fd59B95b9143AF0b9795CAC16eb3C723C9Ca,0x0c77d8d771ab35e2e184e7ce127f19ced31ff8c0
true,21000001,mp1-testnet,mp1,testnet,2,2,BTCN,18,,1,40345,0x6C7Ab2202C98C4227C5c46f1417D81144DA716Ff,0x145C041566B21Bec558B2A37F1a5Ff261aB55998,0x9dB9Ca3305B48F196D18082e91cB64663b13d014,0xe1a12515F9AB2764b887bF60B923Ca494EBbB2d6,0xd682ECF100f6F4284138AA925348633B0611Ae21,0xcF1B0F4106B0324F96fEfcC31bA9498caa80701C,0x926984a57b10a3a5c4cfdbac04daaa0309e78932
true,52085143,ble-testnet,ble,testnet,2,1,ETH,18,ethereum,1027,40330,0x6Ac7bdc07A0583A362F1497252872AE6c0A5F5B8,0xd682ECF100f6F4284138AA925348633B0611Ae21,0x4Cf1B3Fa61465c2c907f82fC488B43223BA0CF93,0x4dFa426aEAA55E6044d2b47682842460a04aF45c,0x00C5C0B8e0f75aB862CbAaeCfff499dB555FBDD2,0x1d186C560281B8F1AF831957ED5047fD3AB902F9,0xa97f783e717567ab8d0fc72110714f4fa7967373
true,52085144,converge-testnet,converge,testnet,1,2,ETH,18,ethereum,1027,40402,0x3aCAAf60502791D199a5a5F0B173D78229eBFe32,0x6Ac7bdc07A0583A362F1497252872AE6c0A5F5B8,0x701f3927871EfcEa1235dB722f9E608aE120d243,0x4Cf1B3Fa61465c2c907f82fC488B43223BA0CF93,0x45841dd1ca50265Da7614fC43A361e526c0e6160,0xd682ECF100f6F4284138AA925348633B0611Ae21,0xa229b65cc2191bf60bc24efcda3487d7b5c0c9f0
true,89346162,reya-testnet,reya,testnet,2,2,ETH,18,ethereum,1027,40319,0x6C7Ab2202C98C4227C5c46f1417D81144DA716Ff,0x145C041566B21Bec558B2A37F1a5Ff261aB55998,0x701f3927871EfcEa1235dB722f9E608aE120d243,0x4Cf1B3Fa61465c2c907f82fC488B43223BA0CF93,0xd682ECF100f6F4284138AA925348633B0611Ae21,0xcF1B0F4106B0324F96fEfcC31bA9498caa80701C,0x926984a57b10a3a5c4cfdbac04daaa0309e78932
true,111557560,cyber-testnet,cyber,testnet,2,1,ETH,18,ethereum,1027,40280,0x6EDCE65403992e310A62460808c4b910D972f10f,0x6Ac7bdc07A0583A362F1497252872AE6c0A5F5B8,0x12523de19dc41c91F7d2093E0CFbB76b17012C8d,0x701f3927871EfcEa1235dB722f9E608aE120d243,0x45841dd1ca50265Da7614fC43A361e526c0e6160,0xd682ECF100f6F4284138AA925348633B0611Ae21,0x0c77d8d771ab35e2e184e7ce127f19ced31ff8c0
true,168587773,blast-testnet,blast,testnet,2,1,ETH,18,ethereum,1027,40243,0x6EDCE65403992e310A62460808c4b910D972f10f,0x12523de19dc41c91F7d2093E0CFbB76b17012C8d,0xE62d066e71fcA410eD48ad2f2A5A860443C04035,0x9454f0EABc7C4Ea9ebF89190B8bF9051A0468E03,0x701f3927871EfcEa1235dB722f9E608aE120d243,0x9dB9Ca3305B48F196D18082e91cB64663b13d014,0x0c77d8d771ab35e2e184e7ce127f19ced31ff8c0
true,531050104,sophon-testnet,sophon,testnet,2,0,SOPH,18,,32087,40341,0x9EC2DB700a3c3D35888acCa134F3f860B4a0b41a,0xC29f0C76E85723ecFbF50D6cbE1ABEac451D0661,0xaF862837316E00d2708Bd648c5FE87EdC7093799,0x557ab96f00b9774E5C53550F738933E0E0E6Ff6b,0xC9968d69bfaFCFC1a768B2e97D4020386A5e15b2,0x21bc626E5e97FBF404Fda7e7D808E41A2fA56B60,0x25aa15242c9d94526f2844e7c03c5a40e8a79256
true,686669576,polygoncdk-testnet,polygoncdk,testnet,2,0,ETH,18,ethereum,1027,40224,,,,,,,
true,999999999,zora-sepolia,zorasep,testnet,1,0,ETH,18,ethereum,1027,40249,0x6EDCE65403992e310A62460808c4b910D972f10f,0x88B27057A9e00c5F05DDa29241027afF63f9e6e0,0x4Cf1B3Fa61465c2c907f82fC488B43223BA0CF93,0x4dFa426aEAA55E6044d2b47682842460a04aF45c,0xF49d162484290EAeAd7bb8C2c7E3a6f8f52e32d6,0xC1868e054425D378095A003EcbA3823a5D0135C9,0x0c77d8d771ab35e2e184e7ce127f19ced31ff8c0
true,1313161555,aurora-testnet,aurora,testnet,1,0,ETH,18,ethereum,1027,40201,0x6EDCE65403992e310A62460808c4b910D972f10f,0x44220D45796ECDf3254771C6715bfbc985240709,0x9dD6727B9636761ff50E375D0A7039BD5447ceDB,0xe514D331c54d7339108045bF4794F8d71cad110e,0x19D1198b0f43Ec076a897bF98dEb0FD1D6CE8B9f,0x0E91e0239971B6CF7519e458a742e2eA4Ffb7458,0x0c77d8d771ab35e2e184e7ce127f19ced31ff8c0
true,1444673419,skale-testnet,skale,testnet,2,0,MATIC,18,polygon-ecosystem-token,28321,40273,0x82b7dc04A4ABCF2b4aE570F317dcab49f5a10f24,0x098Fed01ABd66C63e706Ed9b368726DE54FefBEb,0x86d08462EaA1559345d7F41f937B2C804209DB8A,0x7F417F2192B89Cf93b8c4Ee01d558883A0AD7B47,0x4632b54146C45Cf31EE1d5A1191260Af7e9DB801,0x9D0A659cAC5F122e22bAaDD8769a3abc05C6bdAE,0xae1ba44dfab3b96cfdb8481960dd8e4c015c82b0
true,1666900000,harmony-testnet,harmony,testnet,2,0,ONE,18,harmony,3945,40133,,,,,,,
true,1918988905,rarible-testnet,rarible,testnet,2,2,ETH,18,ethereum,1027,40235,0x6EDCE65403992e310A62460808c4b910D972f10f,0xB99de8c90Db2Fb425c5AEfa2A95284decCB4F0Cd,0x19DC7b94ACAFbAD3EFa1Bc782d1367a8b173Ba73,0x1AbC0136629E83A8769B3598c1417D5A5922e4E1,0x7C424244B51d03cEEc115647ccE151baF112a42e,0xbf06c8886E6904a95dD42440Bd237C4ac64940C8,0x0c77d8d771ab35e2e184e7ce127f19ced31ff8c0
true,37714555429,xai-testnet,xai,testnet,1,2,XAI,18,xai-blockchain,28933,40251,0x6EDCE65403992e310A62460808c4b910D972f10f,0x145C041566B21Bec558B2A37F1a5Ff261aB55998,0x55c175DD5b039331dB251424538169D8495C18d1,0x9dB9Ca3305B48F196D18082e91cB64663b13d014,0xd682ECF100f6F4284138AA925348633B0611Ae21,0xcF1B0F4106B0324F96fEfcC31bA9498caa80701C,0x0c77d8d771ab35e2e184e7ce127f19ced31ff8c0
true,71461164656,bl2-testnet,bl2,testnet,3,2,ETH,18,ethereum,1027,40331,0x6C7Ab2202C98C4227C5c46f1417D81144DA716Ff,0x145C041566B21Bec558B2A37F1a5Ff261aB55998,0x701f3927871EfcEa1235dB722f9E608aE120d243,0x4Cf1B3Fa61465c2c907f82fC488B43223BA0CF93,0xd682ECF100f6F4284138AA925348633B0611Ae21,0xcF1B0F4106B0324F96fEfcC31bA9498caa80701C,0x926984a57b10a3a5c4cfdbac04daaa0309e78932
